config,rule,bound,lr_bas,lr_ap,lr_policy,lr_td,lr_trace,theta_0,theta_bas_0,rule_sees_gain,lr_dep,dep_form,theta_gate,n_noise,n_z,init,init_power,init_sigma,init_alpha,n_trials,n_trials_inhibited,snapshot_every,store_full,gate_power,gh_post,gh_theta_scale,oja_decay,burst_tau,burst_kappa,bcm_tau,us_tau,bcm_e0_scale,ca_beta,ca_theta_p,ca_ltd_frac,ca_gamma_d,ca_smooth,n_failed,diverged,expert_proxy,expert_proxy_n_not_reached,expert_after_lift,perf_inhibited_end,final_perf,w_bas_change,w_bas_change_inhibited,w_bas_sum_mean,w_bas_min,w_bas_max,task_frac_start,task_frac_end,selectivity_start,selectivity_end,det_tone_start,det_texture_start,det_distractor_start,det_tone,det_texture,det_distractor,w_ap_mean,w_ap_max
rule-bcm_bound-soft_lr_bas-0.032_bcm_tau-100_bcm_e0_scale-0.25_lr_ap-0.064_init_power-10,bcm,soft,0.032,0.064,0.256,0.048,0.256,4.0,,True,0.0,thr,,30,203,random,10,1.0,0.1,1800,0,50,False,1.0,som,1.0,1.0,20.0,0.0,100,inf,0.25,2.0,1.5,0.5,0.5,0.15,0,0,619.0,4,nan,nan,0.60924,0.011629240028560162,nan,0.6403255462646484,5.395022934947812e-37,0.8964109659194947,0.095184126391736,0.07529250135556102,0.8690997268784013,0.8595868772072676,0.4,0.4,5.0,0.0,0.2,10.0,0.014549030689522624,0.722021508216858
rule-bcm_bound-soft_lr_bas-0.032_bcm_tau-100_bcm_e0_scale-0.25_lr_ap-0.064_init_power-12,bcm,soft,0.032,0.064,0.256,0.048,0.256,4.0,,True,0.0,thr,,30,203,random,12,1.0,0.1,1800,0,50,False,1.0,som,1.0,1.0,20.0,0.0,100,inf,0.25,2.0,1.5,0.5,0.5,0.15,0,0,512.5,3,nan,nan,0.7004400000000001,0.011641366966068744,nan,0.6689789772033692,8.491868693808392e-44,0.9814050912857055,0.09590395423964385,0.07103187617894886,0.8807968567159072,0.8725429669711453,0.8,0.6,11.6,0.4,0.4,20.8,0.025074920803308486,0.9153107762336731
rule-bcm_bound-soft_lr_bas-0.032_bcm_tau-100_bcm_e0_scale-0.25_lr_ap-0.128_init_power-10,bcm,soft,0.032,0.128,0.256,0.048,0.256,4.0,,True,0.0,thr,,30,203,random,10,1.0,0.1,1800,0,50,False,1.0,som,1.0,1.0,20.0,0.0,100,inf,0.25,2.0,1.5,0.5,0.5,0.15,0,0,356.0,4,nan,nan,0.60924,0.011555372923612594,nan,0.6451694965362549,5.24943587457846e-37,0.8962036490440368,0.095184126391736,0.07629502616307036,0.8690997268784013,0.8595121642989444,0.4,0.4,5.0,0.0,0.4,10.2,0.018386600911617278,0.9960495710372925
rule-bcm_bound-soft_lr_bas-0.032_bcm_tau-100_bcm_e0_scale-0.25_lr_ap-0.128_init_power-12,bcm,soft,0.032,0.128,0.256,0.048,0.256,4.0,,True,0.0,thr,,30,203,random,12,1.0,0.1,1800,0,50,False,1.0,som,1.0,1.0,20.0,0.0,100,inf,0.25,2.0,1.5,0.5,0.5,0.15,0,0,426.0,3,nan,nan,0.6998899999999999,0.011668513156473636,nan,0.6690682172775269,8.575946601667881e-44,0.9810210466384888,0.09590395423964385,0.07062358166136462,0.8807968567159072,0.8709252609427505,0.8,0.6,11.6,0.2,0.6,20.4,0.028598007932305335,0.9705376386642456
rule-bcm_bound-soft_lr_bas-0.032_bcm_tau-100_bcm_e0_scale-0.5_lr_ap-0.064_init_power-10,bcm,soft,0.032,0.064,0.256,0.048,0.256,4.0,,True,0.0,thr,,30,203,random,10,1.0,0.1,1800,0,50,False,1.0,som,1.0,1.0,20.0,0.0,100,inf,0.5,2.0,1.5,0.5,0.5,0.15,0,1,432.5,1,nan,nan,0.9930375,0.012457386590540409,nan,0.9071708619594574,0.0,1.0,0.0951841831394562,0.08011869956179278,0.8690999171797948,0.8649419235668262,0.4,0.4,5.0,2.4,5.0,57.0,0.08070366084575653,1.0
rule-bcm_bound-soft_lr_bas-0.032_bcm_tau-100_bcm_e0_scale-0.5_lr_ap-0.064_init_power-12,bcm,soft,0.032,0.064,0.256,0.048,0.256,4.0,,True,0.0,thr,,30,203,random,12,1.0,0.1,1800,0,50,False,1.0,som,1.0,1.0,20.0,0.0,100,inf,0.5,2.0,1.5,0.5,0.5,0.15,0,5,nan,5,nan,nan,nan,0.012988065369427204,nan,1.1044062376022339,0.0,1.0,0.09590402529555675,0.1199689960699092,0.880797027677015,0.8877521163207784,0.8,0.6,11.6,3.6,11.8,76.4,nan,nan
rule-bcm_bound-soft_lr_bas-0.032_bcm_tau-100_bcm_e0_scale-0.5_lr_ap-0.128_init_power-10,bcm,soft,0.032,0.128,0.256,0.048,0.256,4.0,,True,0.0,thr,,30,203,random,10,1.0,0.1,1800,0,50,False,1.0,som,1.0,1.0,20.0,0.0,100,inf,0.5,2.0,1.5,0.5,0.5,0.15,0,4,509.0,4,nan,nan,0.995,0.01044908631592989,nan,0.9211684862772623,0.0,1.0,0.0951841831394562,0.09628338613479574,0.8690999171797948,0.8718633996715762,0.4,0.4,5.0,2.0,6.4,27.6,0.04474206641316414,1.0
rule-bcm_bound-soft_lr_bas-0.032_bcm_tau-100_bcm_e0_scale-0.5_lr_ap-0.128_init_power-12,bcm,soft,0.032,0.128,0.256,0.048,0.256,4.0,,True,0.0,thr,,30,203,random,12,1.0,0.1,1800,0,50,False,1.0,som,1.0,1.0,20.0,0.0,100,inf,0.5,2.0,1.5,0.5,0.5,0.15,0,5,nan,5,nan,nan,nan,0.00936221331357956,nan,0.9433075189590454,0.0,1.0,0.09590402529555675,0.0947778379405517,0.880797027677015,0.8668666116396756,0.8,0.6,11.6,3.4,11.0,51.4,nan,nan
rule-bcm_bound-soft_lr_bas-0.032_bcm_tau-100_bcm_e0_scale-1.0_lr_ap-0.064_init_power-10,bcm,soft,0.032,0.064,0.256,0.048,0.256,4.0,,True,0.0,thr,,30,203,random,10,1.0,0.1,1800,0,50,False,1.0,som,1.0,1.0,20.0,0.0,100,inf,1.0,2.0,1.5,0.5,0.5,0.15,0,5,nan,5,nan,nan,nan,nan,nan,nan,nan,nan,0.095184211658135,nan,0.8691000120976111,nan,0.4,0.4,5.0,9.4,19.2,99.2,nan,nan
rule-bcm_bound-soft_lr_bas-0.032_bcm_tau-100_bcm_e0_scale-1.0_lr_ap-0.064_init_power-12,bcm,soft,0.032,0.064,0.256,0.048,0.256,4.0,,True,0.0,thr,,30,203,random,12,1.0,0.1,1800,0,50,False,1.0,som,1.0,1.0,20.0,0.0,100,inf,1.0,2.0,1.5,0.5,0.5,0.15,0,5,nan,5,nan,nan,nan,0.026414940133690834,nan,1.8034917116165161,0.0,1.0,0.09590406071874899,0.13046541746068135,0.880797112940882,0.9142685538815378,0.8,0.6,11.6,12.0,20.2,112.2,nan,nan
rule-bcm_bound-soft_lr_bas-0.032_bcm_tau-100_bcm_e0_scale-1.0_lr_ap-0.128_init_power-10,bcm,soft,0.032,0.128,0.256,0.048,0.256,4.0,,True,0.0,thr,,30,203,random,10,1.0,0.1,1800,0,50,False,1.0,som,1.0,1.0,20.0,0.0,100,inf,1.0,2.0,1.5,0.5,0.5,0.15,0,5,nan,5,nan,nan,nan,0.017635507974773645,nan,1.4539152383804321,0.0,1.0,0.095184211658135,0.12699399318568672,0.8691000120976111,0.8792333473131372,0.4,0.4,5.0,4.4,14.8,63.6,nan,nan
rule-bcm_bound-soft_lr_bas-0.032_bcm_tau-100_bcm_e0_scale-1.0_lr_ap-0.128_init_power-12,bcm,soft,0.032,0.128,0.256,0.048,0.256,4.0,,True,0.0,thr,,30,203,random,12,1.0,0.1,1800,0,50,False,1.0,som,1.0,1.0,20.0,0.0,100,inf,1.0,2.0,1.5,0.5,0.5,0.15,0,5,nan,5,nan,nan,nan,nan,nan,nan,nan,nan,0.09590406071874899,nan,0.880797112940882,nan,0.8,0.6,11.6,9.6,19.2,81.2,nan,nan
rule-bcm_bound-soft_lr_bas-0.032_bcm_tau-200_bcm_e0_scale-0.25_lr_ap-0.064_init_power-10,bcm,soft,0.032,0.064,0.256,0.048,0.256,4.0,,True,0.0,thr,,30,203,random,10,1.0,0.1,1800,0,50,False,1.0,som,1.0,1.0,20.0,0.0,200,inf,0.25,2.0,1.5,0.5,0.5,0.15,0,0,493.6666666666667,2,nan,nan,0.79468,0.01219345722347498,nan,0.6325271010398865,2.6691933148459115e-42,0.9523890137672424,0.09518420968722081,0.07707891556820355,0.8690999057687525,0.8588904582261552,0.4,0.4,5.0,0.2,1.4,10.0,0.020697824098169802,0.9941730380058289
rule-bcm_bound-soft_lr_bas-0.032_bcm_tau-200_bcm_e0_scale-0.25_lr_ap-0.064_init_power-12,bcm,soft,0.032,0.064,0.256,0.048,0.256,4.0,,True,0.0,thr,,30,203,random,12,1.0,0.1,1800,0,50,False,1.0,som,1.0,1.0,20.0,0.0,200,inf,0.25,2.0,1.5,0.5,0.5,0.15,0,1,426.5,1,nan,nan,0.9940375000000001,0.012532380409538746,nan,0.7278616547584533,0.0,1.0,0.09590405227521191,0.08269376530638961,0.8807970177292546,0.8746641094262454,0.8,0.6,11.6,0.6,4.2,28.4,0.036751531064510345,0.9999999850988388
rule-bcm_bound-soft_lr_bas-0.032_bcm_tau-200_bcm_e0_scale-0.25_lr_ap-0.128_init_power-10,bcm,soft,0.032,0.128,0.256,0.048,0.256,4.0,,True,0.0,thr,,30,203,random,10,1.0,0.1,1800,0,50,False,1.0,som,1.0,1.0,20.0,0.0,200,inf,0.25,2.0,1.5,0.5,0.5,0.15,0,1,459.5,3,nan,nan,0.7424,0.012045356445014477,nan,0.6436564177274704,0.0,0.9262362718582153,0.09518420968722081,0.07841030885269674,0.8690999057687525,0.8640965403696825,0.4,0.4,5.0,0.0,2.8,12.4,0.01986412110272795,1.0
rule-bcm_bound-soft_lr_bas-0.032_bcm_tau-200_bcm_e0_scale-0.25_lr_ap-0.128_init_power-12,bcm,soft,0.032,0.128,0.256,0.048,0.256,4.0,,True,0.0,thr,,30,203,random,12,1.0,0.1,1800,0,50,False,1.0,som,1.0,1.0,20.0,0.0,200,inf,0.25,2.0,1.5,0.5,0.5,0.15,0,4,471.0,4,nan,nan,0.995,0.011480552765230337,nan,0.8533037503560384,0.0,1.0,0.09590405227521191,0.10333474730247783,0.8807970177292546,0.8739065975296364,0.8,0.6,11.6,2.2,8.0,26.8,0.029566342011094093,1.0
rule-bcm_bound-soft_lr_bas-0.032_bcm_tau-200_bcm_e0_scale-0.5_lr_ap-0.064_init_power-10,bcm,soft,0.032,0.064,0.256,0.048,0.256,4.0,,True,0.0,thr,,30,203,random,10,1.0,0.1,1800,0,50,False,1.0,som,1.0,1.0,20.0,0.0,200,inf,0.5,2.0,1.5,0.5,0.5,0.15,0,5,nan,5,nan,nan,nan,0.016382474452257156,nan,1.3995493650436401,0.0,1.0,0.09518423787186042,0.11458487632751825,0.8691000005499794,0.8843807432053623,0.4,0.4,5.0,6.8,17.8,94.6,nan,nan
rule-bcm_bound-soft_lr_bas-0.032_bcm_tau-200_bcm_e0_scale-0.5_lr_ap-0.064_init_power-12,bcm,soft,0.032,0.064,0.256,0.048,0.256,4.0,,True,0.0,thr,,30,203,random,12,1.0,0.1,1800,0,50,False,1.0,som,1.0,1.0,20.0,0.0,200,inf,0.5,2.0,1.5,0.5,0.5,0.15,0,5,nan,5,nan,nan,nan,nan,nan,nan,nan,nan,0.09590408748382952,nan,0.8807971028873345,nan,0.8,0.6,11.6,8.0,19.6,107.8,nan,nan
rule-bcm_bound-soft_lr_bas-0.032_bcm_tau-200_bcm_e0_scale-0.5_lr_ap-0.128_init_power-10,bcm,soft,0.032,0.128,0.256,0.048,0.256,4.0,,True,0.0,thr,,30,203,random,10,1.0,0.1,1800,0,50,False,1.0,som,1.0,1.0,20.0,0.0,200,inf,0.5,2.0,1.5,0.5,0.5,0.15,0,5,nan,5,nan,nan,nan,0.014766667038202286,nan,1.3842133283615112,0.0,1.0,0.09518423787186042,0.11688920721782567,0.8691000005499794,0.8740613107014972,0.4,0.4,5.0,5.6,14.2,58.4,nan,nan
rule-bcm_bound-soft_lr_bas-0.032_bcm_tau-200_bcm_e0_scale-0.5_lr_ap-0.128_init_power-12,bcm,soft,0.032,0.128,0.256,0.048,0.256,4.0,,True,0.0,thr,,30,203,random,12,1.0,0.1,1800,0,50,False,1.0,som,1.0,1.0,20.0,0.0,200,inf,0.5,2.0,1.5,0.5,0.5,0.15,0,5,nan,5,nan,nan,nan,0.017667565494775772,nan,1.4293407201766968,0.0,1.0,0.09590408748382952,0.11472068969010452,0.8807971028873345,0.9133833850980656,0.8,0.6,11.6,8.6,17.8,90.8,nan,nan
rule-bcm_bound-soft_lr_bas-0.032_bcm_tau-200_bcm_e0_scale-1.0_lr_ap-0.064_init_power-10,bcm,soft,0.032,0.064,0.256,0.048,0.256,4.0,,True,0.0,thr,,30,203,random,10,1.0,0.1,1800,0,50,False,1.0,som,1.0,1.0,20.0,0.0,200,inf,1.0,2.0,1.5,0.5,0.5,0.15,0,5,nan,5,nan,nan,nan,nan,nan,nan,nan,nan,0.09518425204455298,nan,0.8691000482786888,nan,0.4,0.4,5.0,12.8,21.0,107.0,nan,nan
rule-bcm_bound-soft_lr_bas-0.032_bcm_tau-200_bcm_e0_scale-1.0_lr_ap-0.064_init_power-12,bcm,soft,0.032,0.064,0.256,0.048,0.256,4.0,,True,0.0,thr,,30,203,random,12,1.0,0.1,1800,0,50,False,1.0,som,1.0,1.0,20.0,0.0,200,inf,1.0,2.0,1.5,0.5,0.5,0.15,0,5,nan,5,nan,nan,nan,nan,nan,nan,nan,nan,0.09590410532866253,nan,0.880797145655024,nan,0.8,0.6,11.6,12.2,21.4,118.0,nan,nan
rule-bcm_bound-soft_lr_bas-0.032_bcm_tau-200_bcm_e0_scale-1.0_lr_ap-0.128_init_power-10,bcm,soft,0.032,0.128,0.256,0.048,0.256,4.0,,True,0.0,thr,,30,203,random,10,1.0,0.1,1800,0,50,False,1.0,som,1.0,1.0,20.0,0.0,200,inf,1.0,2.0,1.5,0.5,0.5,0.15,0,5,nan,5,nan,nan,nan,0.026607094332575798,nan,1.8550201654434204,8.060629741280758e-38,1.0,0.09518425204455298,0.11931133696450831,0.8691000482786888,0.8795946409376985,0.4,0.4,5.0,9.6,21.4,64.6,nan,nan
rule-bcm_bound-soft_lr_bas-0.032_bcm_tau-200_bcm_e0_scale-1.0_lr_ap-0.128_init_power-12,bcm,soft,0.032,0.128,0.256,0.048,0.256,4.0,,True,0.0,thr,,30,203,random,12,1.0,0.1,1800,0,50,False,1.0,som,1.0,1.0,20.0,0.0,200,inf,1.0,2.0,1.5,0.5,0.5,0.15,0,5,nan,5,nan,nan,nan,0.025319332256913185,nan,1.823633074760437,0.0,1.0,0.09590410532866253,0.10562837617747904,0.880797145655024,0.8781308025623159,0.8,0.6,11.6,12.6,19.4,89.0,nan,nan
rule-bcm_bound-soft_lr_bas-0.032_bcm_tau-50_bcm_e0_scale-0.25_lr_ap-0.064_init_power-10,bcm,soft,0.032,0.064,0.256,0.048,0.256,4.0,,True,0.0,thr,,30,203,random,10,1.0,0.1,1800,0,50,False,1.0,som,1.0,1.0,20.0,0.0,50,inf,0.25,2.0,1.5,0.5,0.5,0.15,0,0,nan,5,nan,nan,0.51667,0.011396652832627297,nan,0.6439005017280579,5.411467077138368e-37,0.800385344028473,0.09518395804954789,0.07749597256270317,0.8690993696646052,0.8614005402033904,0.4,0.4,5.0,0.0,0.0,9.0,0.014563077967613936,0.9940423846244812
rule-bcm_bound-soft_lr_bas-0.032_bcm_tau-50_bcm_e0_scale-0.25_lr_ap-0.064_init_power-12,bcm,soft,0.032,0.064,0.256,0.048,0.256,4.0,,True,0.0,thr,,30,203,random,12,1.0,0.1,1800,0,50,False,1.0,som,1.0,1.0,20.0,0.0,50,inf,0.25,2.0,1.5,0.5,0.5,0.15,0,0,nan,5,nan,nan,0.51762,0.011353939399123191,nan,0.6705395936965942,8.575946601667881e-44,0.9337249994277954,0.09590375627853051,0.07391092090270322,0.8807965353181271,0.8729730451940314,0.8,0.6,11.6,0.4,0.0,19.4,0.023409527726471424,0.9968262910842896
rule-bcm_bound-soft_lr_bas-0.032_bcm_tau-50_bcm_e0_scale-0.25_lr_ap-0.128_init_power-10,bcm,soft,0.032,0.128,0.256,0.048,0.256,4.0,,True,0.0,thr,,30,203,random,10,1.0,0.1,1800,0,50,False,1.0,som,1.0,1.0,20.0,0.0,50,inf,0.25,2.0,1.5,0.5,0.5,0.15,0,0,nan,5,nan,nan,0.51528,0.011352158337831496,nan,0.645397424697876,5.419409446257569e-37,0.7990723133087159,0.09518395804954789,0.07783118579730132,0.8690993696646052,0.860245831839913,0.4,0.4,5.0,0.0,0.0,9.0,0.01200691878912039,0.8016251115128398
rule-bcm_bound-soft_lr_bas-0.032_bcm_tau-50_bcm_e0_scale-0.25_lr_ap-0.128_init_power-12,bcm,soft,0.032,0.128,0.256,0.048,0.256,4.0,,True,0.0,thr,,30,203,random,12,1.0,0.1,1800,0,50,False,1.0,som,1.0,1.0,20.0,0.0,50,inf,0.25,2.0,1.5,0.5,0.5,0.15,0,0,nan,5,nan,nan,0.51668,0.011305566132068633,nan,0.6719404697418213,8.519894663094887e-44,0.9329568862915039,0.09590375627853051,0.07421390410707954,0.8807965353181271,0.8741736463118365,0.8,0.6,11.6,0.4,0.0,19.4,0.023355070687830447,0.9999932765960693
rule-bcm_bound-soft_lr_bas-0.032_bcm_tau-50_bcm_e0_scale-0.5_lr_ap-0.064_init_power-10,bcm,soft,0.032,0.064,0.256,0.048,0.256,4.0,,True,0.0,thr,,30,203,random,10,1.0,0.1,1800,0,50,False,1.0,som,1.0,1.0,20.0,0.0,50,inf,0.5,2.0,1.5,0.5,0.5,0.15,0,0,526.0,3,nan,nan,0.6892299999999999,0.01120179183781147,nan,0.9016913414001465,3.0534293537637764e-42,0.9999996542930603,0.09518407343139801,0.06851975921582622,0.8690997501494129,0.862364346501708,0.4,0.4,5.0,1.0,0.8,55.4,0.06973221823573113,0.9999959349632264
rule-bcm_bound-soft_lr_bas-0.032_bcm_tau-50_bcm_e0_scale-0.5_lr_ap-0.064_init_power-12,bcm,soft,0.032,0.064,0.256,0.048,0.256,4.0,,True,0.0,thr,,30,203,random,12,1.0,0.1,1800,0,50,False,1.0,som,1.0,1.0,20.0,0.0,50,inf,0.5,2.0,1.5,0.5,0.5,0.15,0,0,460.5,1,nan,nan,0.8882300000000001,0.013567030429840088,nan,0.9471499204635621,0.0,1.0,0.09590389972370318,0.057753781796826276,0.8807968767722197,0.8711129949900419,0.8,0.6,11.6,0.6,1.2,82.6,0.07843501418828965,0.9999728322029113
rule-bcm_bound-soft_lr_bas-0.032_bcm_tau-50_bcm_e0_scale-0.5_lr_ap-0.128_init_power-10,bcm,soft,0.032,0.128,0.256,0.048,0.256,4.0,,True,0.0,thr,,30,203,random,10,1.0,0.1,1800,0,50,False,1.0,som,1.0,1.0,20.0,0.0,50,inf,0.5,2.0,1.5,0.5,0.5,0.15,0,0,583.0,2,nan,nan,0.79544,0.011112064681947231,nan,0.9112769365310669,0.0,1.0,0.09518407343139801,0.06901379093178263,0.8690997501494129,0.8608188795609888,0.4,0.4,5.0,1.0,0.8,56.8,0.06143354177474976,1.0
rule-bcm_bound-soft_lr_bas-0.032_bcm_tau-50_bcm_e0_scale-0.5_lr_ap-0.128_init_power-12,bcm,soft,0.032,0.128,0.256,0.048,0.256,4.0,,True,0.0,thr,,30,203,random,12,1.0,0.1,1800,0,50,False,1.0,som,1.0,1.0,20.0,0.0,50,inf,0.5,2.0,1.5,0.5,0.5,0.15,0,0,411.25,1,nan,nan,0.8876100000000001,0.013554071076214314,nan,0.9591042280197144,0.0,1.0,0.09590389972370318,0.058502798881588734,0.8807968767722197,0.8710258002431981,0.8,0.6,11.6,1.0,1.6,83.0,0.0880413681268692,1.0
rule-bcm_bound-soft_lr_bas-0.032_bcm_tau-50_bcm_e0_scale-1.0_lr_ap-0.064_init_power-10,bcm,soft,0.032,0.064,0.256,0.048,0.256,4.0,,True,0.0,thr,,30,203,random,10,1.0,0.1,1800,0,50,False,1.0,som,1.0,1.0,20.0,0.0,50,inf,1.0,2.0,1.5,0.5,0.5,0.15,0,5,nan,5,nan,nan,nan,0.01712162420153618,nan,1.259793758392334,0.0,1.0,0.09518413088652615,0.13379416221948165,0.86909994033293,0.8648857593258235,0.4,0.4,5.0,6.8,12.8,83.6,nan,nan
rule-bcm_bound-soft_lr_bas-0.032_bcm_tau-50_bcm_e0_scale-1.0_lr_ap-0.064_init_power-12,bcm,soft,0.032,0.064,0.256,0.048,0.256,4.0,,True,0.0,thr,,30,203,random,12,1.0,0.1,1800,0,50,False,1.0,som,1.0,1.0,20.0,0.0,50,inf,1.0,2.0,1.5,0.5,0.5,0.15,0,5,nan,5,nan,nan,nan,nan,nan,nan,nan,nan,0.09590397155523851,nan,0.8807970475055477,nan,0.8,0.6,11.6,6.8,17.2,98.0,nan,nan
rule-bcm_bound-soft_lr_bas-0.032_bcm_tau-50_bcm_e0_scale-1.0_lr_ap-0.128_init_power-10,bcm,soft,0.032,0.128,0.256,0.048,0.256,4.0,,True,0.0,thr,,30,203,random,10,1.0,0.1,1800,0,50,False,1.0,som,1.0,1.0,20.0,0.0,50,inf,1.0,2.0,1.5,0.5,0.5,0.15,0,5,nan,5,nan,nan,nan,0.013256908083955446,nan,1.0877381165822346,0.0,1.0,0.09518413088652615,0.11294266201555962,0.86909994033293,0.8776326501483842,0.4,0.4,5.0,4.4,10.0,62.4,nan,nan
rule-bcm_bound-soft_lr_bas-0.032_bcm_tau-50_bcm_e0_scale-1.0_lr_ap-0.128_init_power-12,bcm,soft,0.032,0.128,0.256,0.048,0.256,4.0,,True,0.0,thr,,30,203,random,12,1.0,0.1,1800,0,50,False,1.0,som,1.0,1.0,20.0,0.0,50,inf,1.0,2.0,1.5,0.5,0.5,0.15,0,5,nan,5,nan,nan,nan,0.015420313458889723,nan,1.246534287929535,0.0,1.0,0.09590397155523851,0.11722572679276833,0.8807970475055477,0.8801879162196877,0.8,0.6,11.6,5.8,14.8,80.0,nan,nan
rule-bcm_bound-soft_lr_bas-0.064_bcm_tau-100_bcm_e0_scale-0.25_lr_ap-0.064_init_power-10,bcm,soft,0.064,0.064,0.256,0.048,0.256,4.0,,True,0.0,thr,,30,203,random,10,1.0,0.1,1800,0,50,False,1.0,som,1.0,1.0,20.0,0.0,100,inf,0.25,2.0,1.5,0.5,0.5,0.15,0,0,655.0,3,nan,nan,0.7040500000000001,0.014573425054550171,nan,0.5893124341964722,4.514244996805449e-37,0.975226640701294,0.0951993973510584,0.07354847141835427,0.869111333918303,0.858762613020591,0.4,0.4,5.0,0.0,1.0,19.6,0.0085840234416537,0.570210874453187
rule-bcm_bound-soft_lr_bas-0.064_bcm_tau-100_bcm_e0_scale-0.25_lr_ap-0.064_init_power-12,bcm,soft,0.064,0.064,0.256,0.048,0.256,4.0,,True,0.0,thr,,30,203,random,12,1.0,0.1,1800,0,50,False,1.0,som,1.0,1.0,20.0,0.0,100,inf,0.25,2.0,1.5,0.5,0.5,0.15,0,0,630.75,1,nan,nan,0.90052,0.014842327684164047,nan,0.6441723108291626,0.0,0.9998467922210693,0.09592194947976597,0.07385699673935371,0.8808078505557774,0.873307546378918,0.8,0.6,12.2,0.6,2.2,38.0,0.015453424490988254,0.991488230228424
rule-bcm_bound-soft_lr_bas-0.064_bcm_tau-100_bcm_e0_scale-0.25_lr_ap-0.128_init_power-10,bcm,soft,0.064,0.128,0.256,0.048,0.256,4.0,,True,0.0,thr,,30,203,random,10,1.0,0.1,1800,0,50,False,1.0,som,1.0,1.0,20.0,0.0,100,inf,0.25,2.0,1.5,0.5,0.5,0.15,0,0,535.6666666666666,2,nan,nan,0.79288,0.014415214955806731,nan,0.597992205619812,2.3833284281236488e-42,0.9825574159622192,0.0951993973510584,0.07270190853258322,0.869111333918303,0.859342045844542,0.4,0.4,5.0,0.0,1.2,19.4,0.011033793457318097,0.8076872766017914
rule-bcm_bound-soft_lr_bas-0.064_bcm_tau-100_bcm_e0_scale-0.25_lr_ap-0.128_init_power-12,bcm,soft,0.064,0.128,0.256,0.048,0.256,4.0,,True,0.0,thr,,30,203,random,12,1.0,0.1,1800,0,50,False,1.0,som,1.0,1.0,20.0,0.0,100,inf,0.25,2.0,1.5,0.5,0.5,0.15,0,0,574.75,1,nan,nan,0.90026,0.014855410344898701,nan,0.6463855147361756,0.0,0.9997949123382568,0.09592194947976597,0.07504785271118124,0.8808078505557774,0.8756391294613639,0.8,0.6,12.2,0.4,2.6,38.0,0.018896657042205334,1.0
rule-bcm_bound-soft_lr_bas-0.064_bcm_tau-100_bcm_e0_scale-0.5_lr_ap-0.064_init_power-10,bcm,soft,0.064,0.064,0.256,0.048,0.256,4.0,,True,0.0,thr,,30,203,random,10,1.0,0.1,1800,0,50,False,1.0,som,1.0,1.0,20.0,0.0,100,inf,0.5,2.0,1.5,0.5,0.5,0.15,0,4,566.0,4,nan,nan,0.995,0.01994049735367298,nan,0.9168956875801086,0.0,1.0,0.09519951004038867,0.08387183447145607,0.8691117122653035,0.8917744563979519,0.4,0.4,5.0,5.8,15.2,94.4,0.06446786969900131,1.0
rule-bcm_bound-soft_lr_bas-0.064_bcm_tau-100_bcm_e0_scale-0.5_lr_ap-0.064_init_power-12,bcm,soft,0.064,0.064,0.256,0.048,0.256,4.0,,True,0.0,thr,,30,203,random,12,1.0,0.1,1800,0,50,False,1.0,som,1.0,1.0,20.0,0.0,100,inf,0.5,2.0,1.5,0.5,0.5,0.15,0,5,nan,5,nan,nan,nan,nan,nan,nan,nan,nan,0.09592208985201807,nan,0.8808081899190047,nan,0.8,0.6,12.2,6.4,17.8,103.0,nan,nan
rule-bcm_bound-soft_lr_bas-0.064_bcm_tau-100_bcm_e0_scale-0.5_lr_ap-0.128_init_power-10,bcm,soft,0.064,0.128,0.256,0.048,0.256,4.0,,True,0.0,thr,,30,203,random,10,1.0,0.1,1800,0,50,False,1.0,som,1.0,1.0,20.0,0.0,100,inf,0.5,2.0,1.5,0.5,0.5,0.15,0,5,nan,5,nan,nan,nan,0.01848124945536256,nan,0.9184934198856354,0.0,1.0,0.09519951004038867,0.11438778721822784,0.8691117122653035,0.885785817617083,0.4,0.4,5.0,6.0,15.8,71.6,nan,nan
rule-bcm_bound-soft_lr_bas-0.064_bcm_tau-100_bcm_e0_scale-0.5_lr_ap-0.128_init_power-12,bcm,soft,0.064,0.128,0.256,0.048,0.256,4.0,,True,0.0,thr,,30,203,random,12,1.0,0.1,1800,0,50,False,1.0,som,1.0,1.0,20.0,0.0,100,inf,0.5,2.0,1.5,0.5,0.5,0.15,0,5,nan,5,nan,nan,nan,0.021389641799032688,nan,1.2717754244804382,0.0,1.0,0.09592208985201807,0.12832242042534092,0.8808081899190047,0.869582131711123,0.8,0.6,12.2,7.6,18.8,106.0,nan,nan
rule-bcm_bound-soft_lr_bas-0.064_bcm_tau-100_bcm_e0_scale-1.0_lr_ap-0.064_init_power-10,bcm,soft,0.064,0.064,0.256,0.048,0.256,4.0,,True,0.0,thr,,30,203,random,10,1.0,0.1,1800,0,50,False,1.0,som,1.0,1.0,20.0,0.0,100,inf,1.0,2.0,1.5,0.5,0.5,0.15,0,5,nan,5,nan,nan,nan,nan,nan,nan,nan,nan,0.09519956660275597,nan,0.8691119014333595,nan,0.4,0.4,5.0,15.2,23.8,122.6,nan,nan
rule-bcm_bound-soft_lr_bas-0.064_bcm_tau-100_bcm_e0_scale-1.0_lr_ap-0.064_init_power-12,bcm,soft,0.064,0.064,0.256,0.048,0.256,4.0,,True,0.0,thr,,30,203,random,12,1.0,0.1,1800,0,50,False,1.0,som,1.0,1.0,20.0,0.0,100,inf,1.0,2.0,1.5,0.5,0.5,0.15,0,5,nan,5,nan,nan,nan,nan,nan,nan,nan,nan,0.09592216009854279,nan,0.8808083597832003,nan,0.8,0.6,12.2,13.6,27.0,117.6,nan,nan
rule-bcm_bound-soft_lr_bas-0.064_bcm_tau-100_bcm_e0_scale-1.0_lr_ap-0.128_init_power-10,bcm,soft,0.064,0.128,0.256,0.048,0.256,4.0,,True,0.0,thr,,30,203,random,10,1.0,0.1,1800,0,50,False,1.0,som,1.0,1.0,20.0,0.0,100,inf,1.0,2.0,1.5,0.5,0.5,0.15,0,5,nan,5,nan,nan,nan,nan,nan,nan,nan,nan,0.09519956660275597,nan,0.8691119014333595,nan,0.4,0.4,5.0,13.6,22.4,112.4,nan,nan
rule-bcm_bound-soft_lr_bas-0.064_bcm_tau-100_bcm_e0_scale-1.0_lr_ap-0.128_init_power-12,bcm,soft,0.064,0.128,0.256,0.048,0.256,4.0,,True,0.0,thr,,30,203,random,12,1.0,0.1,1800,0,50,False,1.0,som,1.0,1.0,20.0,0.0,100,inf,1.0,2.0,1.5,0.5,0.5,0.15,0,5,nan,5,nan,nan,nan,0.04165665805339813,nan,2.269479513168335,0.0,1.0,0.09592216009854279,0.12657950373504104,0.8808083597832003,0.8795690318200655,0.8,0.6,12.2,16.8,23.0,110.0,nan,nan
rule-bcm_bound-soft_lr_bas-0.064_bcm_tau-200_bcm_e0_scale-0.25_lr_ap-0.064_init_power-10,bcm,soft,0.064,0.064,0.256,0.048,0.256,4.0,,True,0.0,thr,,30,203,random,10,1.0,0.1,1800,0,50,False,1.0,som,1.0,1.0,20.0,0.0,200,inf,0.25,2.0,1.5,0.5,0.5,0.15,0,0,339.0,2,nan,nan,0.8000499999999999,0.015723536349833013,nan,0.5747499823570251,4.445405450241725e-37,0.987290906906128,0.09519956305448816,0.08100983721483553,0.8691116891252288,0.8607556019691849,0.4,0.4,5.0,0.0,3.6,18.6,0.017361097130924465,0.6229894027113915
rule-bcm_bound-soft_lr_bas-0.064_bcm_tau-200_bcm_e0_scale-0.25_lr_ap-0.064_init_power-12,bcm,soft,0.064,0.064,0.256,0.048,0.256,4.0,,True,0.0,thr,,30,203,random,12,1.0,0.1,1800,0,50,False,1.0,som,1.0,1.0,20.0,0.0,200,inf,0.25,2.0,1.5,0.5,0.5,0.15,0,4,799.0,4,nan,nan,1.0,0.016805123537778854,nan,0.6204803287982941,0.0,1.0,0.09592214391261693,0.09205527668655572,0.8808081701079165,0.8868169316919248,0.8,0.6,12.2,2.0,16.0,77.2,0.029449347406625748,1.0
rule-bcm_bound-soft_lr_bas-0.064_bcm_tau-200_bcm_e0_scale-0.25_lr_ap-0.128_init_power-10,bcm,soft,0.064,0.128,0.256,0.048,0.256,4.0,,True,0.0,thr,,30,203,random,10,1.0,0.1,1800,0,50,False,1.0,som,1.0,1.0,20.0,0.0,200,inf,0.25,2.0,1.5,0.5,0.5,0.15,0,3,616.0,4,nan,nan,0.735725,0.015944196842610836,nan,0.6803819537162781,2.8667063333924945e-42,0.9860879629850388,0.09519956305448816,0.09849408659631541,0.8691116891252288,0.8675057327297826,0.4,0.4,5.0,2.2,7.8,30.6,0.005032760840549599,0.5087339701130986
rule-bcm_bound-soft_lr_bas-0.064_bcm_tau-200_bcm_e0_scale-0.25_lr_ap-0.128_init_power-12,bcm,soft,0.064,0.128,0.256,0.048,0.256,4.0,,True,0.0,thr,,30,203,random,12,1.0,0.1,1800,0,50,False,1.0,som,1.0,1.0,20.0,0.0,200,inf,0.25,2.0,1.5,0.5,0.5,0.15,0,4,655.0,4,nan,nan,1.0,0.015313141513615847,nan,0.6729745268821716,0.0,1.0,0.09592214391261693,0.09880014970256047,0.8808081701079165,0.8779718558354397,0.8,0.6,12.2,5.4,13.8,62.4,0.034483205527067184,1.0
rule-bcm_bound-soft_lr_bas-0.064_bcm_tau-200_bcm_e0_scale-0.5_lr_ap-0.064_init_power-10,bcm,soft,0.064,0.064,0.256,0.048,0.256,4.0,,True,0.0,thr,,30,203,random,10,1.0,0.1,1800,0,50,False,1.0,som,1.0,1.0,20.0,0.0,200,inf,0.5,2.0,1.5,0.5,0.5,0.15,0,5,nan,5,nan,nan,nan,nan,nan,nan,nan,nan,0.09519961885979802,nan,0.869111878318767,nan,0.4,0.4,5.0,13.8,23.2,127.2,nan,nan
rule-bcm_bound-soft_lr_bas-0.064_bcm_tau-200_bcm_e0_scale-0.5_lr_ap-0.064_init_power-12,bcm,soft,0.064,0.064,0.256,0.048,0.256,4.0,,True,0.0,thr,,30,203,random,12,1.0,0.1,1800,0,50,False,1.0,som,1.0,1.0,20.0,0.0,200,inf,0.5,2.0,1.5,0.5,0.5,0.15,0,5,nan,5,nan,nan,nan,nan,nan,nan,nan,nan,0.0959222139156422,nan,0.8808083399849366,nan,0.8,0.6,12.2,12.8,27.4,126.6,nan,nan
rule-bcm_bound-soft_lr_bas-0.064_bcm_tau-200_bcm_e0_scale-0.5_lr_ap-0.128_init_power-10,bcm,soft,0.064,0.128,0.256,0.048,0.256,4.0,,True,0.0,thr,,30,203,random,10,1.0,0.1,1800,0,50,False,1.0,som,1.0,1.0,20.0,0.0,200,inf,0.5,2.0,1.5,0.5,0.5,0.15,0,5,nan,5,nan,nan,nan,0.023327823728322983,nan,1.3659697771072388,0.0,1.0,0.09519961885979802,0.1419843250691997,0.869111878318767,0.9021402309668398,0.4,0.4,5.0,9.2,22.2,90.6,nan,nan
rule-bcm_bound-soft_lr_bas-0.064_bcm_tau-200_bcm_e0_scale-0.5_lr_ap-0.128_init_power-12,bcm,soft,0.064,0.128,0.256,0.048,0.256,4.0,,True,0.0,thr,,30,203,random,12,1.0,0.1,1800,0,50,False,1.0,som,1.0,1.0,20.0,0.0,200,inf,0.5,2.0,1.5,0.5,0.5,0.15,0,5,nan,5,nan,nan,nan,nan,nan,nan,nan,nan,0.0959222139156422,nan,0.8808083399849366,nan,0.8,0.6,12.2,13.4,23.6,108.4,nan,nan
rule-bcm_bound-soft_lr_bas-0.064_bcm_tau-200_bcm_e0_scale-1.0_lr_ap-0.064_init_power-10,bcm,soft,0.064,0.064,0.256,0.048,0.256,4.0,,True,0.0,thr,,30,203,random,10,1.0,0.1,1800,0,50,False,1.0,som,1.0,1.0,20.0,0.0,200,inf,1.0,2.0,1.5,0.5,0.5,0.15,0,5,nan,5,nan,nan,nan,0.05456661432981491,nan,2.7705230712890625,0.0,1.0,0.09519964693523153,0.11458365065410268,0.8691119729442309,0.8636073634920366,0.4,0.4,5.0,19.6,28.4,122.4,nan,nan
rule-bcm_bound-soft_lr_bas-0.064_bcm_tau-200_bcm_e0_scale-1.0_lr_ap-0.064_init_power-12,bcm,soft,0.064,0.064,0.256,0.048,0.256,4.0,,True,0.0,thr,,30,203,random,12,1.0,0.1,1800,0,50,False,1.0,som,1.0,1.0,20.0,0.0,200,inf,1.0,2.0,1.5,0.5,0.5,0.15,0,5,nan,5,nan,nan,nan,nan,nan,nan,nan,nan,0.09592224860975915,nan,0.8808084245614796,nan,0.8,0.6,12.2,15.4,20.0,104.2,nan,nan
rule-bcm_bound-soft_lr_bas-0.064_bcm_tau-200_bcm_e0_scale-1.0_lr_ap-0.128_init_power-10,bcm,soft,0.064,0.128,0.256,0.048,0.256,4.0,,True,0.0,thr,,30,203,random,10,1.0,0.1,1800,0,50,False,1.0,som,1.0,1.0,20.0,0.0,200,inf,1.0,2.0,1.5,0.5,0.5,0.15,0,5,nan,5,nan,nan,nan,nan,nan,nan,nan,nan,0.09519964693523153,nan,0.8691119729442309,nan,0.4,0.4,5.0,17.6,24.0,111.6,nan,nan
rule-bcm_bound-soft_lr_bas-0.064_bcm_tau-200_bcm_e0_scale-1.0_lr_ap-0.128_init_power-12,bcm,soft,0.064,0.128,0.256,0.048,0.256,4.0,,True,0.0,thr,,30,203,random,12,1.0,0.1,1800,0,50,False,1.0,som,1.0,1.0,20.0,0.0,200,inf,1.0,2.0,1.5,0.5,0.5,0.15,0,5,nan,5,nan,nan,nan,nan,nan,nan,nan,nan,0.09592224860975915,nan,0.8808084245614796,nan,0.8,0.6,12.2,20.2,27.0,105.2,nan,nan
rule-bcm_bound-soft_lr_bas-0.064_bcm_tau-50_bcm_e0_scale-0.25_lr_ap-0.064_init_power-10,bcm,soft,0.064,0.064,0.256,0.048,0.256,4.0,,True,0.0,thr,,30,203,random,10,1.0,0.1,1800,0,50,False,1.0,som,1.0,1.0,20.0,0.0,50,inf,0.25,2.0,1.5,0.5,0.5,0.15,0,0,nan,5,nan,nan,0.51634,0.014309675246477128,nan,0.5846983194351196,4.698069223911102e-37,0.9371468901634217,0.09519906285921598,0.07479607108095834,0.8691106239447844,0.8590581749552785,0.4,0.4,5.0,0.0,0.4,17.4,0.0045511259813793,0.4692539036273956
rule-bcm_bound-soft_lr_bas-0.064_bcm_tau-50_bcm_e0_scale-0.25_lr_ap-0.064_init_power-12,bcm,soft,0.064,0.064,0.256,0.048,0.256,4.0,,True,0.0,thr,,30,203,random,12,1.0,0.1,1800,0,50,False,1.0,som,1.0,1.0,20.0,0.0,50,inf,0.25,2.0,1.5,0.5,0.5,0.15,0,0,538.0,4,nan,nan,0.62448,0.014479548297822475,nan,0.6335483908653259,8.015427215937954e-44,0.996779489517212,0.09592155657249875,0.07266552141302016,0.8808072118578503,0.8727384502123684,0.8,0.6,12.2,0.4,1.0,34.6,0.015429080557078123,0.8464943945407868
rule-bcm_bound-soft_lr_bas-0.064_bcm_tau-50_bcm_e0_scale-0.25_lr_ap-0.128_init_power-10,bcm,soft,0.064,0.128,0.256,0.048,0.256,4.0,,True,0.0,thr,,30,203,random,10,1.0,0.1,1800,0,50,False,1.0,som,1.0,1.0,20.0,0.0,50,inf,0.25,2.0,1.5,0.5,0.5,0.15,0,0,520.0,4,nan,nan,0.61007,0.014217260479927062,nan,0.5898431897163391,4.553778714945867e-37,0.963637399673462,0.09519906285921598,0.07436995651602848,0.8691106239447844,0.8581903922250731,0.4,0.4,5.0,0.0,0.6,17.8,0.00674962964549195,0.5866497019305825
rule-bcm_bound-soft_lr_bas-0.064_bcm_tau-50_bcm_e0_scale-0.25_lr_ap-0.128_init_power-12,bcm,soft,0.064,0.128,0.256,0.048,0.256,4.0,,True,0.0,thr,,30,203,random,12,1.0,0.1,1800,0,50,False,1.0,som,1.0,1.0,20.0,0.0,50,inf,0.25,2.0,1.5,0.5,0.5,0.15,0,0,429.0,4,nan,nan,0.6128399999999999,0.014468010887503624,nan,0.6328501224517822,7.931349308078465e-44,0.9967803716659546,0.09592155657249875,0.07105051287996911,0.8808072118578503,0.8706571547932521,0.8,0.6,12.2,0.4,0.6,34.6,0.014372404478490353,0.8956454575061799
rule-bcm_bound-soft_lr_bas-0.064_bcm_tau-50_bcm_e0_scale-0.5_lr_ap-0.064_init_power-10,bcm,soft,0.064,0.064,0.256,0.048,0.256,4.0,,True,0.0,thr,,30,203,random,10,1.0,0.1,1800,0,50,False,1.0,som,1.0,1.0,20.0,0.0,50,inf,0.5,2.0,1.5,0.5,0.5,0.15,0,0,450.2,0,nan,nan,0.9955100000000001,0.018583770841360092,nan,0.887825345993042,0.0,1.0,0.09519929113968473,0.07042510714857547,0.8691113800583091,0.8536454020926645,0.4,0.4,5.0,1.6,3.4,91.0,0.06429361253976822,0.9999999880790711
rule-bcm_bound-soft_lr_bas-0.064_bcm_tau-50_bcm_e0_scale-0.5_lr_ap-0.064_init_power-12,bcm,soft,0.064,0.064,0.256,0.048,0.256,4.0,,True,0.0,thr,,30,203,random,12,1.0,0.1,1800,0,50,False,1.0,som,1.0,1.0,20.0,0.0,50,inf,0.5,2.0,1.5,0.5,0.5,0.15,0,1,374.25,1,nan,nan,0.9957625000000001,0.020587944239377976,nan,0.910233449935913,0.0,1.0,0.0959218406450344,0.06354647769464143,0.8808078905652096,0.858310355211079,0.8,0.6,12.2,1.4,4.2,111.6,0.060802606865763664,1.0
rule-bcm_bound-soft_lr_bas-0.064_bcm_tau-50_bcm_e0_scale-0.5_lr_ap-0.128_init_power-10,bcm,soft,0.064,0.128,0.256,0.048,0.256,4.0,,True,0.0,thr,,30,203,random,10,1.0,0.1,1800,0,50,False,1.0,som,1.0,1.0,20.0,0.0,50,inf,0.5,2.0,1.5,0.5,0.5,0.15,0,2,371.6666666666667,2,nan,nan,0.9927833333333332,0.01696171686053276,nan,0.8890020608901977,0.0,1.0,0.09519929113968473,0.07663567963185562,0.8691113800583091,0.8528805859823969,0.4,0.4,5.0,2.2,4.6,78.8,0.07877161850531895,1.0
rule-bcm_bound-soft_lr_bas-0.064_bcm_tau-50_bcm_e0_scale-0.5_lr_ap-0.128_init_power-12,bcm,soft,0.064,0.128,0.256,0.048,0.256,4.0,,True,0.0,thr,,30,203,random,12,1.0,0.1,1800,0,50,False,1.0,som,1.0,1.0,20.0,0.0,50,inf,0.5,2.0,1.5,0.5,0.5,0.15,0,3,372.5,3,nan,nan,1.0,0.02013493205110232,nan,0.8787792523701986,0.0,1.0,0.0959218406450344,0.08298787790474792,0.8808078905652096,0.8669007917797528,0.8,0.6,12.2,2.8,7.0,66.2,0.0659429058432579,1.0
rule-bcm_bound-soft_lr_bas-0.064_bcm_tau-50_bcm_e0_scale-1.0_lr_ap-0.064_init_power-10,bcm,soft,0.064,0.064,0.256,0.048,0.256,4.0,,True,0.0,thr,,30,203,random,10,1.0,0.1,1800,0,50,False,1.0,som,1.0,1.0,20.0,0.0,50,inf,1.0,2.0,1.5,0.5,0.5,0.15,0,5,nan,5,nan,nan,nan,nan,nan,nan,nan,nan,0.09519940544035581,nan,0.8691117584693057,nan,0.4,0.4,5.0,10.8,22.0,125.4,nan,nan
rule-bcm_bound-soft_lr_bas-0.064_bcm_tau-50_bcm_e0_scale-1.0_lr_ap-0.064_init_power-12,bcm,soft,0.064,0.064,0.256,0.048,0.256,4.0,,True,0.0,thr,,30,203,random,12,1.0,0.1,1800,0,50,False,1.0,som,1.0,1.0,20.0,0.0,50,inf,1.0,2.0,1.5,0.5,0.5,0.15,0,5,nan,5,nan,nan,nan,nan,nan,nan,nan,nan,0.09592198254944398,nan,0.8808082296845546,nan,0.8,0.6,12.2,10.6,25.0,132.6,nan,nan
rule-bcm_bound-soft_lr_bas-0.064_bcm_tau-50_bcm_e0_scale-1.0_lr_ap-0.128_init_power-10,bcm,soft,0.064,0.128,0.256,0.048,0.256,4.0,,True,0.0,thr,,30,203,random,10,1.0,0.1,1800,0,50,False,1.0,som,1.0,1.0,20.0,0.0,50,inf,1.0,2.0,1.5,0.5,0.5,0.15,0,5,nan,5,nan,nan,nan,nan,nan,nan,nan,nan,0.09519940544035581,nan,0.8691117584693057,nan,0.4,0.4,5.0,4.4,16.8,62.4,nan,nan
rule-bcm_bound-soft_lr_bas-0.064_bcm_tau-50_bcm_e0_scale-1.0_lr_ap-0.128_init_power-12,bcm,soft,0.064,0.128,0.256,0.048,0.256,4.0,,True,0.0,thr,,30,203,random,12,1.0,0.1,1800,0,50,False,1.0,som,1.0,1.0,20.0,0.0,50,inf,1.0,2.0,1.5,0.5,0.5,0.15,0,5,nan,5,nan,nan,nan,nan,nan,nan,nan,nan,0.09592198254944398,nan,0.8808082296845546,nan,0.8,0.6,12.2,13.0,20.8,100.2,nan,nan
rule-bcm_bound-soft_lr_bas-0.128_bcm_tau-100_bcm_e0_scale-0.25_lr_ap-0.064_init_power-10,bcm,soft,0.128,0.064,0.256,0.048,0.256,4.0,,True,0.0,thr,,30,203,random,10,1.0,0.1,1800,0,50,False,1.0,som,1.0,1.0,20.0,0.0,100,inf,0.25,2.0,1.5,0.5,0.5,0.15,0,0,797.0,2,nan,nan,0.79898,0.018553067371249198,nan,0.5769962072372437,3.4179200743714256e-37,0.9992487072944641,0.09522982228979923,0.07152081655081642,0.8691343195028608,0.858395412349565,0.4,0.4,5.0,0.0,2.0,40.2,0.007937865087296814,0.6194191467016935
rule-bcm_bound-soft_lr_bas-0.128_bcm_tau-100_bcm_e0_scale-0.25_lr_ap-0.064_init_power-12,bcm,soft,0.128,0.064,0.256,0.048,0.256,4.0,,True,0.0,thr,,30,203,random,12,1.0,0.1,1800,0,50,False,1.0,som,1.0,1.0,20.0,0.0,100,inf,0.25,2.0,1.5,0.5,0.5,0.15,0,0,785.25,1,nan,nan,0.90389,0.019694734364748,nan,0.6251797080039978,0.0,0.9999999403953552,0.09595775748690157,0.07174903141795926,0.8808295707528531,0.8714757336879723,0.8,0.6,12.4,0.0,3.4,56.2,0.01525690038688481,0.9119458198547363
rule-bcm_bound-soft_lr_bas-0.128_bcm_tau-100_bcm_e0_scale-0.25_lr_ap-0.128_init_power-10,bcm,soft,0.128,0.128,0.256,0.048,0.256,4.0,,True,0.0,thr,,30,203,random,10,1.0,0.1,1800,0,50,False,1.0,som,1.0,1.0,20.0,0.0,100,inf,0.25,2.0,1.5,0.5,0.5,0.15,0,0,810.6666666666666,2,nan,nan,0.7375,0.01856348365545273,nan,0.5759580492973327,3.4196212114707588e-37,0.9992449641227722,0.09522982228979923,0.0716243022059701,0.8691343195028608,0.858523758351599,0.4,0.4,5.0,0.0,2.2,38.8,0.008198510126385372,0.6222985612694174
rule-bcm_bound-soft_lr_bas-0.128_bcm_tau-100_bcm_e0_scale-0.25_lr_ap-0.128_init_power-12,bcm,soft,0.128,0.128,0.256,0.048,0.256,4.0,,True,0.0,thr,,30,203,random,12,1.0,0.1,1800,0,50,False,1.0,som,1.0,1.0,20.0,0.0,100,inf,0.25,2.0,1.5,0.5,0.5,0.15,0,2,946.6666666666666,2,nan,nan,0.9967666666666667,0.021335527673363684,nan,0.6532835006713867,0.0,1.0,0.09595775748690157,0.08520439623250489,0.8808295707528531,0.8608899500207116,0.8,0.6,12.4,0.0,8.2,57.8,0.016435755416750908,1.0
rule-bcm_bound-soft_lr_bas-0.128_bcm_tau-100_bcm_e0_scale-0.5_lr_ap-0.064_init_power-10,bcm,soft,0.128,0.064,0.256,0.048,0.256,4.0,,True,0.0,thr,,30,203,random,10,1.0,0.1,1800,0,50,False,1.0,som,1.0,1.0,20.0,0.0,100,inf,0.5,2.0,1.5,0.5,0.5,0.15,0,5,nan,5,nan,nan,nan,nan,nan,nan,nan,nan,0.09523004367813147,nan,0.8691350675499677,nan,0.4,0.4,5.0,6.4,27.8,126.6,nan,nan
rule-bcm_bound-soft_lr_bas-0.128_bcm_tau-100_bcm_e0_scale-0.5_lr_ap-0.064_init_power-12,bcm,soft,0.128,0.064,0.256,0.048,0.256,4.0,,True,0.0,thr,,30,203,random,12,1.0,0.1,1800,0,50,False,1.0,som,1.0,1.0,20.0,0.0,100,inf,0.5,2.0,1.5,0.5,0.5,0.15,0,5,nan,5,nan,nan,nan,0.03936893865466118,nan,1.793779969215393,0.0,1.0,0.09595803253096295,0.14340186625714957,0.880830240635763,0.8850032354513822,0.8,0.6,12.4,10.4,29.4,141.0,nan,nan
rule-bcm_bound-soft_lr_bas-0.128_bcm_tau-100_bcm_e0_scale-0.5_lr_ap-0.128_init_power-10,bcm,soft,0.128,0.128,0.256,0.048,0.256,4.0,,True,0.0,thr,,30,203,random,10,1.0,0.1,1800,0,50,False,1.0,som,1.0,1.0,20.0,0.0,100,inf,0.5,2.0,1.5,0.5,0.5,0.15,0,5,nan,5,nan,nan,nan,nan,nan,nan,nan,nan,0.09523004367813147,nan,0.8691350675499677,nan,0.4,0.4,5.0,9.4,23.6,109.6,nan,nan
rule-bcm_bound-soft_lr_bas-0.128_bcm_tau-100_bcm_e0_scale-0.5_lr_ap-0.128_init_power-12,bcm,soft,0.128,0.128,0.256,0.048,0.256,4.0,,True,0.0,thr,,30,203,random,12,1.0,0.1,1800,0,50,False,1.0,som,1.0,1.0,20.0,0.0,100,inf,0.5,2.0,1.5,0.5,0.5,0.15,0,5,nan,5,nan,nan,nan,0.035356028005480766,nan,1.5742473006248474,0.0,1.0,0.09595803253096295,0.12712435934043467,0.880830240635763,0.8923422165980437,0.8,0.6,12.4,8.6,27.2,130.4,nan,nan
rule-bcm_bound-soft_lr_bas-0.128_bcm_tau-100_bcm_e0_scale-1.0_lr_ap-0.064_init_power-10,bcm,soft,0.128,0.064,0.256,0.048,0.256,4.0,,True,0.0,thr,,30,203,random,10,1.0,0.1,1800,0,50,False,1.0,som,1.0,1.0,20.0,0.0,100,inf,1.0,2.0,1.5,0.5,0.5,0.15,0,5,nan,5,nan,nan,nan,0.06098262220621109,nan,2.801626443862915,0.0,1.0,0.09523015422144279,0.14013997792530894,0.8691354414159317,0.8794696381328482,0.4,0.4,5.0,18.6,32.6,134.4,nan,nan
rule-bcm_bound-soft_lr_bas-0.128_bcm_tau-100_bcm_e0_scale-1.0_lr_ap-0.064_init_power-12,bcm,soft,0.128,0.064,0.256,0.048,0.256,4.0,,True,0.0,thr,,30,203,random,12,1.0,0.1,1800,0,50,False,1.0,som,1.0,1.0,20.0,0.0,100,inf,1.0,2.0,1.5,0.5,0.5,0.15,0,5,nan,5,nan,nan,nan,nan,nan,nan,nan,nan,0.09595817008249066,nan,0.8808305754778836,nan,0.8,0.6,12.4,15.2,34.8,112.2,nan,nan
rule-bcm_bound-soft_lr_bas-0.128_bcm_tau-100_bcm_e0_scale-1.0_lr_ap-0.128_init_power-10,bcm,soft,0.128,0.128,0.256,0.048,0.256,4.0,,True,0.0,thr,,30,203,random,10,1.0,0.1,1800,0,50,False,1.0,som,1.0,1.0,20.0,0.0,100,inf,1.0,2.0,1.5,0.5,0.5,0.15,0,5,nan,5,nan,nan,nan,nan,nan,nan,nan,nan,0.09523015422144279,nan,0.8691354414159317,nan,0.4,0.4,5.0,21.2,26.8,116.8,nan,nan
rule-bcm_bound-soft_lr_bas-0.128_bcm_tau-100_bcm_e0_scale-1.0_lr_ap-0.128_init_power-12,bcm,soft,0.128,0.128,0.256,0.048,0.256,4.0,,True,0.0,thr,,30,203,random,12,1.0,0.1,1800,0,50,False,1.0,som,1.0,1.0,20.0,0.0,100,inf,1.0,2.0,1.5,0.5,0.5,0.15,0,5,nan,5,nan,nan,nan,nan,nan,nan,nan,nan,0.09595817008249066,nan,0.8808305754778836,nan,0.8,0.6,12.4,15.0,22.4,98.6,nan,nan
rule-bcm_bound-soft_lr_bas-0.128_bcm_tau-200_bcm_e0_scale-0.25_lr_ap-0.064_init_power-10,bcm,soft,0.128,0.064,0.256,0.048,0.256,4.0,,True,0.0,thr,,30,203,random,10,1.0,0.1,1800,0,50,False,1.0,som,1.0,1.0,20.0,0.0,200,inf,0.25,2.0,1.5,0.5,0.5,0.15,0,3,303.0,4,nan,nan,0.7348250000000001,0.020186293870210648,nan,0.5022947937250137,4.6691264831302905e-42,0.9952962696552277,0.09523014902719562,0.068839081229669,0.8691350216060766,0.8657783601447097,0.4,0.4,5.0,1.4,15.4,78.6,0.013102568802423775,0.5139155006036162
rule-bcm_bound-soft_lr_bas-0.128_bcm_tau-200_bcm_e0_scale-0.25_lr_ap-0.064_init_power-12,bcm,soft,0.128,0.064,0.256,0.048,0.256,4.0,,True,0.0,thr,,30,203,random,12,1.0,0.1,1800,0,50,False,1.0,som,1.0,1.0,20.0,0.0,200,inf,0.25,2.0,1.5,0.5,0.5,0.15,0,4,nan,5,nan,nan,0.47564999999999996,0.026076966896653175,nan,0.8853127956390381,0.0,0.9999912679195404,0.0959581407613687,0.09070079237972141,0.8808302012487264,0.8793753866533152,0.8,0.6,12.4,3.4,21.4,114.4,0.0019704296719282866,0.08063165098428726
rule-bcm_bound-soft_lr_bas-0.128_bcm_tau-200_bcm_e0_scale-0.25_lr_ap-0.128_init_power-10,bcm,soft,0.128,0.128,0.256,0.048,0.256,4.0,,True,0.0,thr,,30,203,random,10,1.0,0.1,1800,0,50,False,1.0,som,1.0,1.0,20.0,0.0,200,inf,0.25,2.0,1.5,0.5,0.5,0.15,0,4,nan,5,nan,nan,0.46965,0.024391218399008114,nan,0.8638627926508585,3.1206916800513676e-42,0.9969886740048727,0.09523014902719562,0.1090698989018858,0.8691350216060766,0.8718281414839736,0.4,0.4,5.0,5.6,17.4,81.6,8.680667087901384e-05,0.005808341316878796
rule-bcm_bound-soft_lr_bas-0.128_bcm_tau-200_bcm_e0_scale-0.25_lr_ap-0.128_init_power-12,bcm,soft,0.128,0.128,0.256,0.048,0.256,4.0,,True,0.0,thr,,30,203,random,12,1.0,0.1,1800,0,50,False,1.0,som,1.0,1.0,20.0,0.0,200,inf,0.25,2.0,1.5,0.5,0.5,0.15,0,4,nan,5,nan,nan,0.47564999999999996,0.02560850791633129,nan,0.9822785258293152,0.0,0.9999923706054688,0.0959581407613687,0.09733847978574407,0.8808302012487264,0.8785272097969508,0.8,0.6,12.4,6.4,20.6,100.2,0.00017081538680940866,0.010931155644357204
rule-bcm_bound-soft_lr_bas-0.128_bcm_tau-200_bcm_e0_scale-0.5_lr_ap-0.064_init_power-10,bcm,soft,0.128,0.064,0.256,0.048,0.256,4.0,,True,0.0,thr,,30,203,random,10,1.0,0.1,1800,0,50,False,1.0,som,1.0,1.0,20.0,0.0,200,inf,0.5,2.0,1.5,0.5,0.5,0.15,0,5,nan,5,nan,nan,nan,nan,nan,nan,nan,nan,0.09523025898054607,nan,0.8691353957279793,nan,0.4,0.4,5.0,14.0,30.0,134.0,nan,nan
rule-bcm_bound-soft_lr_bas-0.128_bcm_tau-200_bcm_e0_scale-0.5_lr_ap-0.064_init_power-12,bcm,soft,0.128,0.064,0.256,0.048,0.256,4.0,,True,0.0,thr,,30,203,random,12,1.0,0.1,1800,0,50,False,1.0,som,1.0,1.0,20.0,0.0,200,inf,0.5,2.0,1.5,0.5,0.5,0.15,0,5,nan,5,nan,nan,nan,nan,nan,nan,nan,nan,0.09595827752792477,nan,0.8808305363660406,nan,0.8,0.6,12.4,15.8,31.6,126.4,nan,nan
rule-bcm_bound-soft_lr_bas-0.128_bcm_tau-200_bcm_e0_scale-0.5_lr_ap-0.128_init_power-10,bcm,soft,0.128,0.128,0.256,0.048,0.256,4.0,,True,0.0,thr,,30,203,random,10,1.0,0.1,1800,0,50,False,1.0,som,1.0,1.0,20.0,0.0,200,inf,0.5,2.0,1.5,0.5,0.5,0.15,0,5,nan,5,nan,nan,nan,nan,nan,nan,nan,nan,0.09523025898054607,nan,0.8691353957279793,nan,0.4,0.4,5.0,14.8,29.0,120.6,nan,nan
rule-bcm_bound-soft_lr_bas-0.128_bcm_tau-200_bcm_e0_scale-0.5_lr_ap-0.128_init_power-12,bcm,soft,0.128,0.128,0.256,0.048,0.256,4.0,,True,0.0,thr,,30,203,random,12,1.0,0.1,1800,0,50,False,1.0,som,1.0,1.0,20.0,0.0,200,inf,0.5,2.0,1.5,0.5,0.5,0.15,0,5,nan,5,nan,nan,nan,nan,nan,nan,nan,nan,0.09595827752792477,nan,0.8808305363660406,nan,0.8,0.6,12.4,14.2,30.8,117.0,nan,nan
rule-bcm_bound-soft_lr_bas-0.128_bcm_tau-200_bcm_e0_scale-1.0_lr_ap-0.064_init_power-10,bcm,soft,0.128,0.064,0.256,0.048,0.256,4.0,,True,0.0,thr,,30,203,random,10,1.0,0.1,1800,0,50,False,1.0,som,1.0,1.0,20.0,0.0,200,inf,1.0,2.0,1.5,0.5,0.5,0.15,0,5,nan,5,nan,nan,nan,nan,nan,nan,nan,nan,0.09523031408141422,nan,0.8691355824513227,nan,0.4,0.4,5.0,24.4,33.2,128.8,nan,nan
rule-bcm_bound-soft_lr_bas-0.128_bcm_tau-200_bcm_e0_scale-1.0_lr_ap-0.064_init_power-12,bcm,soft,0.128,0.064,0.256,0.048,0.256,4.0,,True,0.0,thr,,30,203,random,12,1.0,0.1,1800,0,50,False,1.0,som,1.0,1.0,20.0,0.0,200,inf,1.0,2.0,1.5,0.5,0.5,0.15,0,5,nan,5,nan,nan,nan,nan,nan,nan,nan,nan,0.0959583458585285,nan,0.8808307038785876,nan,0.8,0.6,12.4,20.6,32.0,122.8,nan,nan
rule-bcm_bound-soft_lr_bas-0.128_bcm_tau-200_bcm_e0_scale-1.0_lr_ap-0.128_init_power-10,bcm,soft,0.128,0.128,0.256,0.048,0.256,4.0,,True,0.0,thr,,30,203,random,10,1.0,0.1,1800,0,50,False,1.0,som,1.0,1.0,20.0,0.0,200,inf,1.0,2.0,1.5,0.5,0.5,0.15,0,5,nan,5,nan,nan,nan,nan,nan,nan,nan,nan,0.09523031408141422,nan,0.8691355824513227,nan,0.4,0.4,5.0,22.2,32.8,104.4,nan,nan
rule-bcm_bound-soft_lr_bas-0.128_bcm_tau-200_bcm_e0_scale-1.0_lr_ap-0.128_init_power-12,bcm,soft,0.128,0.128,0.256,0.048,0.256,4.0,,True,0.0,thr,,30,203,random,12,1.0,0.1,1800,0,50,False,1.0,som,1.0,1.0,20.0,0.0,200,inf,1.0,2.0,1.5,0.5,0.5,0.15,0,5,nan,5,nan,nan,nan,nan,nan,nan,nan,nan,0.0959583458585285,nan,0.8808307038785876,nan,0.8,0.6,12.4,21.0,29.8,115.6,nan,nan
rule-bcm_bound-soft_lr_bas-0.128_bcm_tau-50_bcm_e0_scale-0.25_lr_ap-0.064_init_power-10,bcm,soft,0.128,0.064,0.256,0.048,0.256,4.0,,True,0.0,thr,,30,203,random,10,1.0,0.1,1800,0,50,False,1.0,som,1.0,1.0,20.0,0.0,50,inf,0.25,2.0,1.5,0.5,0.5,0.15,0,0,858.0,3,nan,nan,0.70522,0.017958107590675353,nan,0.5746136546134949,3.493532741010525e-37,0.9989132165908814,0.09522916092424243,0.07134418925398305,0.8691329145745463,0.8573914853451399,0.4,0.4,5.0,0.0,1.2,37.0,0.0045006372500211,0.5682549688965082
rule-bcm_bound-soft_lr_bas-0.128_bcm_tau-50_bcm_e0_scale-0.25_lr_ap-0.064_init_power-12,bcm,soft,0.128,0.064,0.256,0.048,0.256,4.0,,True,0.0,thr,,30,203,random,12,1.0,0.1,1800,0,50,False,1.0,som,1.0,1.0,20.0,0.0,50,inf,0.25,2.0,1.5,0.5,0.5,0.15,0,0,538.0,3,nan,nan,0.74352,0.01871495768427849,nan,0.6324387788772583,6.27781712017518e-44,0.9998987793922425,0.09595698330144709,0.0723686957779633,0.8808283091719596,0.870362688481053,0.8,0.6,12.4,0.2,1.4,57.8,0.010571559611707925,0.8320594787597656
rule-bcm_bound-soft_lr_bas-0.128_bcm_tau-50_bcm_e0_scale-0.25_lr_ap-0.128_init_power-10,bcm,soft,0.128,0.128,0.256,0.048,0.256,4.0,,True,0.0,thr,,30,203,random,10,1.0,0.1,1800,0,50,False,1.0,som,1.0,1.0,20.0,0.0,50,inf,0.25,2.0,1.5,0.5,0.5,0.15,0,0,501.0,4,nan,nan,0.6173,0.018031748384237288,nan,0.5636336088180542,3.4981288794618427e-37,0.9989240646362305,0.09522916092424243,0.06935350740259552,0.8691329145745463,0.8563611370948733,0.4,0.4,5.0,0.0,1.0,35.4,0.005163778508722317,0.6111643882934004
rule-bcm_bound-soft_lr_bas-0.128_bcm_tau-50_bcm_e0_scale-0.25_lr_ap-0.128_init_power-12,bcm,soft,0.128,0.128,0.256,0.048,0.256,4.0,,True,0.0,thr,,30,203,random,12,1.0,0.1,1800,0,50,False,1.0,som,1.0,1.0,20.0,0.0,50,inf,0.25,2.0,1.5,0.5,0.5,0.15,0,0,465.0,3,nan,nan,0.7365900000000001,0.018782574310898782,nan,0.6331182360649109,6.305843089461677e-44,0.999909770488739,0.09595698330144709,0.06796073831292238,0.8808283091719596,0.8717724833005163,0.8,0.6,12.4,0.4,1.6,59.2,0.01079473147110548,0.734928871691227
rule-bcm_bound-soft_lr_bas-0.128_bcm_tau-50_bcm_e0_scale-0.5_lr_ap-0.064_init_power-10,bcm,soft,0.128,0.064,0.256,0.048,0.256,4.0,,True,0.0,thr,,30,203,random,10,1.0,0.1,1800,0,50,False,1.0,som,1.0,1.0,20.0,0.0,50,inf,0.5,2.0,1.5,0.5,0.5,0.15,0,1,378.5,1,nan,nan,0.9964125000000001,0.025902222469449045,nan,0.8436140060424805,0.0,1.0,0.0952296097980408,0.07268501994510432,0.8691344109631869,0.8454448498255038,0.4,0.4,5.0,1.6,6.6,115.8,0.04281682800501585,1.0
rule-bcm_bound-soft_lr_bas-0.128_bcm_tau-50_bcm_e0_scale-0.5_lr_ap-0.064_init_power-12,bcm,soft,0.128,0.064,0.256,0.048,0.256,4.0,,True,0.0,thr,,30,203,random,12,1.0,0.1,1800,0,50,False,1.0,som,1.0,1.0,20.0,0.0,50,inf,0.5,2.0,1.5,0.5,0.5,0.15,0,5,nan,5,nan,nan,nan,0.028252587653696537,nan,0.8416923880577087,0.0,1.0,0.09595754006219108,0.09674774244512917,0.8808296492191852,0.7871237785688588,0.8,0.6,12.4,3.4,16.6,93.4,nan,nan
rule-bcm_bound-soft_lr_bas-0.128_bcm_tau-50_bcm_e0_scale-0.5_lr_ap-0.128_init_power-10,bcm,soft,0.128,0.128,0.256,0.048,0.256,4.0,,True,0.0,thr,,30,203,random,10,1.0,0.1,1800,0,50,False,1.0,som,1.0,1.0,20.0,0.0,50,inf,0.5,2.0,1.5,0.5,0.5,0.15,0,3,355.5,3,nan,nan,0.995975,0.02317137224599719,nan,0.8423623740673065,0.0,1.0,0.0952296097980408,0.08542523608388547,0.8691344109631869,0.8374424271656624,0.4,0.4,5.0,2.2,10.2,90.6,0.04697066359221935,1.0
rule-bcm_bound-soft_lr_bas-0.128_bcm_tau-50_bcm_e0_scale-0.5_lr_ap-0.128_init_power-12,bcm,soft,0.128,0.128,0.256,0.048,0.256,4.0,,True,0.0,thr,,30,203,random,12,1.0,0.1,1800,0,50,False,1.0,som,1.0,1.0,20.0,0.0,50,inf,0.5,2.0,1.5,0.5,0.5,0.15,0,5,nan,5,nan,nan,nan,0.02676459091405074,nan,0.834057092666626,0.0,1.0,0.09595754006219108,0.11023766268642453,0.8808296492191852,0.8191627252307891,0.8,0.6,12.4,4.4,15.8,84.8,nan,nan
rule-bcm_bound-soft_lr_bas-0.128_bcm_tau-50_bcm_e0_scale-1.0_lr_ap-0.064_init_power-10,bcm,soft,0.128,0.064,0.256,0.048,0.256,4.0,,True,0.0,thr,,30,203,random,10,1.0,0.1,1800,0,50,False,1.0,som,1.0,1.0,20.0,0.0,50,inf,1.0,2.0,1.5,0.5,0.5,0.15,0,5,nan,5,nan,nan,nan,nan,nan,nan,nan,nan,0.09522983411977906,nan,0.8691351587003832,nan,0.4,0.4,5.0,12.2,27.0,126.4,nan,nan
rule-bcm_bound-soft_lr_bas-0.128_bcm_tau-50_bcm_e0_scale-1.0_lr_ap-0.064_init_power-12,bcm,soft,0.128,0.064,0.256,0.048,0.256,4.0,,True,0.0,thr,,30,203,random,12,1.0,0.1,1800,0,50,False,1.0,som,1.0,1.0,20.0,0.0,50,inf,1.0,2.0,1.5,0.5,0.5,0.15,0,5,nan,5,nan,nan,nan,nan,nan,nan,nan,nan,0.09595781831195169,nan,0.8808303189554995,nan,0.8,0.6,12.4,13.2,30.2,126.4,nan,nan
rule-bcm_bound-soft_lr_bas-0.128_bcm_tau-50_bcm_e0_scale-1.0_lr_ap-0.128_init_power-10,bcm,soft,0.128,0.128,0.256,0.048,0.256,4.0,,True,0.0,thr,,30,203,random,10,1.0,0.1,1800,0,50,False,1.0,som,1.0,1.0,20.0,0.0,50,inf,1.0,2.0,1.5,0.5,0.5,0.15,0,5,nan,5,nan,nan,nan,nan,nan,nan,nan,nan,0.09522983411977906,nan,0.8691351587003832,nan,0.4,0.4,5.0,10.8,20.8,107.0,nan,nan
rule-bcm_bound-soft_lr_bas-0.128_bcm_tau-50_bcm_e0_scale-1.0_lr_ap-0.128_init_power-12,bcm,soft,0.128,0.128,0.256,0.048,0.256,4.0,,True,0.0,thr,,30,203,random,12,1.0,0.1,1800,0,50,False,1.0,som,1.0,1.0,20.0,0.0,50,inf,1.0,2.0,1.5,0.5,0.5,0.15,0,5,nan,5,nan,nan,nan,nan,nan,nan,nan,nan,0.09595781831195169,nan,0.8808303189554995,nan,0.8,0.6,12.4,13.4,26.0,123.6,nan,nan
rule-calcium_bound-l1_lr_bas-0.002_ca_ltd_frac-0.3_ca_theta_p-1.0_ca_beta-0_lr_ap-0.064_init_power-10,calcium,l1,0.002,0.064,0.256,0.048,0.256,4.0,,True,0.0,thr,,30,203,random,10,1.0,0.1,1800,0,50,False,1.0,som,1.0,1.0,20.0,0.0,100.0,inf,1.0,0,1.0,0.3,0.5,0.15,0,5,nan,5,nan,nan,nan,0.02532793488353491,nan,1.0,0.0,0.9300097227096558,0.09514331116564738,0.09277089173400634,0.8803542083277283,0.4940139221073646,0.4,0.4,5.0,6.8,8.2,70.0,nan,nan
rule-calcium_bound-l1_lr_bas-0.002_ca_ltd_frac-0.3_ca_theta_p-1.0_ca_beta-0_lr_ap-0.064_init_power-12,calcium,l1,0.002,0.064,0.256,0.048,0.256,4.0,,True,0.0,thr,,30,203,random,12,1.0,0.1,1800,0,50,False,1.0,som,1.0,1.0,20.0,0.0,100.0,inf,1.0,0,1.0,0.3,0.5,0.15,0,5,nan,5,nan,nan,nan,0.02136828424409032,nan,1.0,0.0,0.9448419660329819,0.09586372441811561,0.09799096412941714,0.8823422430990677,0.5880926039802226,0.8,0.6,11.6,6.8,8.6,117.2,nan,nan
rule-calcium_bound-l1_lr_bas-0.002_ca_ltd_frac-0.3_ca_theta_p-1.0_ca_beta-0_lr_ap-0.128_init_power-10,calcium,l1,0.002,0.128,0.256,0.048,0.256,4.0,,True,0.0,thr,,30,203,random,10,1.0,0.1,1800,0,50,False,1.0,som,1.0,1.0,20.0,0.0,100.0,inf,1.0,0,1.0,0.3,0.5,0.15,0,5,nan,5,nan,nan,nan,0.02486326079815626,nan,1.0,0.0,0.9362050741910934,0.09514331116564738,0.09490981049826874,0.8803542083277283,0.6167581619786898,0.4,0.4,5.0,6.6,7.6,106.6,nan,nan
rule-calcium_bound-l1_lr_bas-0.002_ca_ltd_frac-0.3_ca_theta_p-1.0_ca_beta-0_lr_ap-0.128_init_power-12,calcium,l1,0.002,0.128,0.256,0.048,0.256,4.0,,True,0.0,thr,,30,203,random,12,1.0,0.1,1800,0,50,False,1.0,som,1.0,1.0,20.0,0.0,100.0,inf,1.0,0,1.0,0.3,0.5,0.15,0,5,nan,5,nan,nan,nan,0.023017477865020435,nan,1.0,0.0,0.9401258826255798,0.09586372441811561,0.0896713138503048,0.8823422430990677,0.5169864802849521,0.8,0.6,11.6,6.6,8.4,89.6,nan,nan
rule-calcium_bound-l1_lr_bas-0.002_ca_ltd_frac-0.3_ca_theta_p-1.0_ca_beta-2_lr_ap-0.064_init_power-10,calcium,l1,0.002,0.064,0.256,0.048,0.256,4.0,,True,0.0,thr,,30,203,random,10,1.0,0.1,1800,0,50,False,1.0,som,1.0,1.0,20.0,0.0,100.0,inf,1.0,2,1.0,0.3,0.5,0.15,0,5,nan,5,nan,nan,nan,0.023417338263243437,nan,1.0,0.0,0.8999982625246048,0.09514331116564738,0.08921814583758338,0.8803542083277283,0.47328333020404917,0.4,0.4,5.0,3.4,2.0,86.2,nan,nan
rule-calcium_bound-l1_lr_bas-0.002_ca_ltd_frac-0.3_ca_theta_p-1.0_ca_beta-2_lr_ap-0.064_init_power-12,calcium,l1,0.002,0.064,0.256,0.048,0.256,4.0,,True,0.0,thr,,30,203,random,12,1.0,0.1,1800,0,50,False,1.0,som,1.0,1.0,20.0,0.0,100.0,inf,1.0,2,1.0,0.3,0.5,0.15,0,5,nan,5,nan,nan,nan,0.02120858058333397,nan,1.0,0.0,0.935671478509903,0.09586372441811561,0.08574445497996547,0.8823422430990677,0.5256351236563739,0.8,0.6,11.6,3.0,3.4,98.8,nan,nan
rule-calcium_bound-l1_lr_bas-0.002_ca_ltd_frac-0.3_ca_theta_p-1.0_ca_beta-2_lr_ap-0.128_init_power-10,calcium,l1,0.002,0.128,0.256,0.048,0.256,4.0,,True,0.0,thr,,30,203,random,10,1.0,0.1,1800,0,50,False,1.0,som,1.0,1.0,20.0,0.0,100.0,inf,1.0,2,1.0,0.3,0.5,0.15,0,5,nan,5,nan,nan,nan,0.024848040658980608,nan,1.0,0.0,0.9228231608867645,0.09514331116564738,0.07083259884476392,0.8803542083277283,0.5340712373266634,0.4,0.4,5.0,1.6,1.4,102.6,nan,nan
rule-calcium_bound-l1_lr_bas-0.002_ca_ltd_frac-0.3_ca_theta_p-1.0_ca_beta-2_lr_ap-0.128_init_power-12,calcium,l1,0.002,0.128,0.256,0.048,0.256,4.0,,True,0.0,thr,,30,203,random,12,1.0,0.1,1800,0,50,False,1.0,som,1.0,1.0,20.0,0.0,100.0,inf,1.0,2,1.0,0.3,0.5,0.15,0,5,nan,5,nan,nan,nan,0.02208032039925456,nan,1.0,0.0,0.9340613186359406,0.09586372441811561,0.07156706323140029,0.8823422430990677,0.5269952803014184,0.8,0.6,11.6,2.4,2.6,110.2,nan,nan
rule-calcium_bound-l1_lr_bas-0.002_ca_ltd_frac-0.3_ca_theta_p-1.5_ca_beta-0_lr_ap-0.064_init_power-10,calcium,l1,0.002,0.064,0.256,0.048,0.256,4.0,,True,0.0,thr,,30,203,random,10,1.0,0.1,1800,0,50,False,1.0,som,1.0,1.0,20.0,0.0,100.0,inf,1.0,0,1.5,0.3,0.5,0.15,0,5,nan,5,nan,nan,nan,0.025307743810117245,nan,1.0,0.0,0.9495115131139755,0.09510730310680385,0.09252379639961908,0.8822150249096499,0.4152932686167495,0.4,0.4,5.0,3.2,14.0,103.6,nan,nan
rule-calcium_bound-l1_lr_bas-0.002_ca_ltd_frac-0.3_ca_theta_p-1.5_ca_beta-0_lr_ap-0.064_init_power-12,calcium,l1,0.002,0.064,0.256,0.048,0.256,4.0,,True,0.0,thr,,30,203,random,12,1.0,0.1,1800,0,50,False,1.0,som,1.0,1.0,20.0,0.0,100.0,inf,1.0,0,1.5,0.3,0.5,0.15,0,5,nan,5,nan,nan,nan,0.020352548360824584,nan,1.0,0.0,0.9416965842247009,0.0958327292737389,0.09528056539436688,0.8808274452129513,0.40889598352435924,0.8,0.6,11.6,3.2,12.8,115.4,nan,nan
rule-calcium_bound-l1_lr_bas-0.002_ca_ltd_frac-0.3_ca_theta_p-1.5_ca_beta-0_lr_ap-0.128_init_power-10,calcium,l1,0.002,0.128,0.256,0.048,0.256,4.0,,True,0.0,thr,,30,203,random,10,1.0,0.1,1800,0,50,False,1.0,som,1.0,1.0,20.0,0.0,100.0,inf,1.0,0,1.5,0.3,0.5,0.15,0,5,nan,5,nan,nan,nan,0.028435160219669343,nan,1.0,0.0,0.9773356914520264,0.09510730310680385,0.08643731940972667,0.8822150249096499,0.4044751474711248,0.4,0.4,5.0,2.8,15.0,145.2,nan,nan
rule-calcium_bound-l1_lr_bas-0.002_ca_ltd_frac-0.3_ca_theta_p-1.5_ca_beta-0_lr_ap-0.128_init_power-12,calcium,l1,0.002,0.128,0.256,0.048,0.256,4.0,,True,0.0,thr,,30,203,random,12,1.0,0.1,1800,0,50,False,1.0,som,1.0,1.0,20.0,0.0,100.0,inf,1.0,0,1.5,0.3,0.5,0.15,0,5,nan,5,nan,nan,nan,0.02295919768512249,nan,1.0,0.0,0.9631045460700989,0.0958327292737389,0.08973011197621983,0.8808274452129513,0.38169679169714554,0.8,0.6,11.6,3.4,14.4,132.4,nan,nan
rule-calcium_bound-l1_lr_bas-0.002_ca_ltd_frac-0.3_ca_theta_p-1.5_ca_beta-2_lr_ap-0.064_init_power-10,calcium,l1,0.002,0.064,0.256,0.048,0.256,4.0,,True,0.0,thr,,30,203,random,10,1.0,0.1,1800,0,50,False,1.0,som,1.0,1.0,20.0,0.0,100.0,inf,1.0,2,1.5,0.3,0.5,0.15,0,5,nan,5,nan,nan,nan,0.024008265137672423,nan,1.0,0.0,0.9187184333801269,0.09510730310680385,0.07920181568873977,0.8822150249096499,0.3763128659569318,0.4,0.4,5.0,2.4,6.6,117.2,nan,nan
rule-calcium_bound-l1_lr_bas-0.002_ca_ltd_frac-0.3_ca_theta_p-1.5_ca_beta-2_lr_ap-0.064_init_power-12,calcium,l1,0.002,0.064,0.256,0.048,0.256,4.0,,True,0.0,thr,,30,203,random,12,1.0,0.1,1800,0,50,False,1.0,som,1.0,1.0,20.0,0.0,100.0,inf,1.0,2,1.5,0.3,0.5,0.15,0,5,nan,5,nan,nan,nan,0.020199975930154324,nan,1.0,0.0,0.947252094745636,0.0958327292737389,0.08677785259924793,0.8808274452129513,0.3744594821000743,0.8,0.6,11.6,2.8,7.6,109.2,nan,nan
rule-calcium_bound-l1_lr_bas-0.002_ca_ltd_frac-0.3_ca_theta_p-1.5_ca_beta-2_lr_ap-0.128_init_power-10,calcium,l1,0.002,0.128,0.256,0.048,0.256,4.0,,True,0.0,thr,,30,203,random,10,1.0,0.1,1800,0,50,False,1.0,som,1.0,1.0,20.0,0.0,100.0,inf,1.0,2,1.5,0.3,0.5,0.15,0,5,nan,5,nan,nan,nan,0.028085784614086153,nan,1.0,0.0,0.9524239063262939,0.09510730310680385,0.0684410605315878,0.8822150249096499,0.4117593324589174,0.4,0.4,5.0,2.2,7.2,142.4,nan,nan
rule-calcium_bound-l1_lr_bas-0.002_ca_ltd_frac-0.3_ca_theta_p-1.5_ca_beta-2_lr_ap-0.128_init_power-12,calcium,l1,0.002,0.128,0.256,0.048,0.256,4.0,,True,0.0,thr,,30,203,random,12,1.0,0.1,1800,0,50,False,1.0,som,1.0,1.0,20.0,0.0,100.0,inf,1.0,2,1.5,0.3,0.5,0.15,0,5,nan,5,nan,nan,nan,0.022240011766552926,nan,1.0,0.0,0.9632763028144836,0.0958327292737389,0.07573732644669691,0.8808274452129513,0.3872681853538018,0.8,0.6,11.6,2.6,7.0,126.2,nan,nan
rule-calcium_bound-l1_lr_bas-0.002_ca_ltd_frac-0.5_ca_theta_p-1.0_ca_beta-0_lr_ap-0.064_init_power-10,calcium,l1,0.002,0.064,0.256,0.048,0.256,4.0,,True,0.0,thr,,30,203,random,10,1.0,0.1,1800,0,50,False,1.0,som,1.0,1.0,20.0,0.0,100.0,inf,1.0,0,1.0,0.5,0.5,0.15,0,5,nan,5,nan,nan,nan,0.019288117066025734,nan,1.0,0.0,0.7928658723831177,0.09516351202192941,0.09968001304042476,0.8761351803105848,0.6868159736988013,0.4,0.4,5.0,5.4,4.8,51.0,nan,nan
rule-calcium_bound-l1_lr_bas-0.002_ca_ltd_frac-0.5_ca_theta_p-1.0_ca_beta-0_lr_ap-0.064_init_power-12,calcium,l1,0.002,0.064,0.256,0.048,0.256,4.0,,True,0.0,thr,,30,203,random,12,1.0,0.1,1800,0,50,False,1.0,som,1.0,1.0,20.0,0.0,100.0,inf,1.0,0,1.0,0.5,0.5,0.15,0,5,nan,5,nan,nan,nan,0.017619477352127433,nan,1.0,0.0,0.8449949473142624,0.09588097471519605,0.09958592470923636,0.8843703257951063,0.7542676006398183,0.8,0.6,11.6,6.0,5.8,104.2,nan,nan
rule-calcium_bound-l1_lr_bas-0.002_ca_ltd_frac-0.5_ca_theta_p-1.0_ca_beta-0_lr_ap-0.128_init_power-10,calcium,l1,0.002,0.128,0.256,0.048,0.256,4.0,,True,0.0,thr,,30,203,random,10,1.0,0.1,1800,0,50,False,1.0,som,1.0,1.0,20.0,0.0,100.0,inf,1.0,0,1.0,0.5,0.5,0.15,0,5,nan,5,nan,nan,nan,0.021371946204453707,nan,1.0,0.0,0.8404317498207092,0.09516351202192941,0.09014867343128866,0.8761351803105848,0.650150296017157,0.4,0.4,5.0,5.0,4.2,98.0,nan,nan
rule-calcium_bound-l1_lr_bas-0.002_ca_ltd_frac-0.5_ca_theta_p-1.0_ca_beta-0_lr_ap-0.128_init_power-12,calcium,l1,0.002,0.128,0.256,0.048,0.256,4.0,,True,0.0,thr,,30,203,random,12,1.0,0.1,1800,0,50,False,1.0,som,1.0,1.0,20.0,0.0,100.0,inf,1.0,0,1.0,0.5,0.5,0.15,0,5,nan,5,nan,nan,nan,0.0213912446051836,nan,1.0,0.0,0.8774322271347046,0.09588097471519605,0.08540837886287306,0.8843703257951063,0.6559011363452301,0.8,0.6,11.6,5.2,4.8,58.8,nan,nan
rule-calcium_bound-l1_lr_bas-0.002_ca_ltd_frac-0.5_ca_theta_p-1.0_ca_beta-2_lr_ap-0.064_init_power-10,calcium,l1,0.002,0.064,0.256,0.048,0.256,4.0,,True,0.0,thr,,30,203,random,10,1.0,0.1,1800,0,50,False,1.0,som,1.0,1.0,20.0,0.0,100.0,inf,1.0,2,1.0,0.5,0.5,0.15,0,5,nan,5,nan,nan,nan,0.021322540193796157,nan,1.0,0.0,0.7589980721473694,0.09516351202192941,0.08813965260102177,0.8761351803105848,0.5971717846152554,0.4,0.4,5.0,1.2,0.6,105.0,nan,nan
rule-calcium_bound-l1_lr_bas-0.002_ca_ltd_frac-0.5_ca_theta_p-1.0_ca_beta-2_lr_ap-0.064_init_power-12,calcium,l1,0.002,0.064,0.256,0.048,0.256,4.0,,True,0.0,thr,,30,203,random,12,1.0,0.1,1800,0,50,False,1.0,som,1.0,1.0,20.0,0.0,100.0,inf,1.0,2,1.0,0.5,0.5,0.15,0,5,nan,5,nan,nan,nan,0.018217212334275246,nan,1.0,0.0,0.8140569210052491,0.09588097471519605,0.09019128052647557,0.8843703257951063,0.6016542127173555,0.8,0.6,11.6,2.0,1.4,106.4,nan,nan
rule-calcium_bound-l1_lr_bas-0.002_ca_ltd_frac-0.5_ca_theta_p-1.0_ca_beta-2_lr_ap-0.128_init_power-10,calcium,l1,0.002,0.128,0.256,0.048,0.256,4.0,,True,0.0,thr,,30,203,random,10,1.0,0.1,1800,0,50,False,1.0,som,1.0,1.0,20.0,0.0,100.0,inf,1.0,2,1.0,0.5,0.5,0.15,0,5,nan,5,nan,nan,nan,0.022426217794418335,nan,1.0,0.0,0.7741674333810806,0.09516351202192941,0.07215961492097017,0.8761351803105848,0.6302769398142287,0.4,0.4,5.0,0.2,0.4,102.0,nan,nan
rule-calcium_bound-l1_lr_bas-0.002_ca_ltd_frac-0.5_ca_theta_p-1.0_ca_beta-2_lr_ap-0.128_init_power-12,calcium,l1,0.002,0.128,0.256,0.048,0.256,4.0,,True,0.0,thr,,30,203,random,12,1.0,0.1,1800,0,50,False,1.0,som,1.0,1.0,20.0,0.0,100.0,inf,1.0,2,1.0,0.5,0.5,0.15,0,5,nan,5,nan,nan,nan,0.019327016547322273,nan,1.0,0.0,0.808151125907898,0.09588097471519605,0.0734362705382722,0.8843703257951063,0.6111702151361846,0.8,0.6,11.6,0.8,0.8,105.8,nan,nan
rule-calcium_bound-l1_lr_bas-0.002_ca_ltd_frac-0.5_ca_theta_p-1.5_ca_beta-0_lr_ap-0.064_init_power-10,calcium,l1,0.002,0.064,0.256,0.048,0.256,4.0,,True,0.0,thr,,30,203,random,10,1.0,0.1,1800,0,50,False,1.0,som,1.0,1.0,20.0,0.0,100.0,inf,1.0,0,1.5,0.5,0.5,0.15,0,5,nan,5,nan,nan,nan,0.021422223001718522,nan,1.0,0.0,0.882854962348938,0.09513426194812619,0.09583940334515242,0.8769205140247485,0.5166299397792185,0.4,0.4,4.8,0.6,13.8,92.2,nan,nan
rule-calcium_bound-l1_lr_bas-0.002_ca_ltd_frac-0.5_ca_theta_p-1.5_ca_beta-0_lr_ap-0.064_init_power-12,calcium,l1,0.002,0.064,0.256,0.048,0.256,4.0,,True,0.0,thr,,30,203,random,12,1.0,0.1,1800,0,50,False,1.0,som,1.0,1.0,20.0,0.0,100.0,inf,1.0,0,1.5,0.5,0.5,0.15,0,5,nan,5,nan,nan,nan,0.01678380910307169,nan,1.0,0.0,0.866636085510254,0.09585585967068236,0.10077342038074902,0.8831765665881207,0.44304590521727016,0.8,0.6,11.6,1.6,12.2,76.6,nan,nan
rule-calcium_bound-l1_lr_bas-0.002_ca_ltd_frac-0.5_ca_theta_p-1.5_ca_beta-0_lr_ap-0.128_init_power-10,calcium,l1,0.002,0.128,0.256,0.048,0.256,4.0,,True,0.0,thr,,30,203,random,10,1.0,0.1,1800,0,50,False,1.0,som,1.0,1.0,20.0,0.0,100.0,inf,1.0,0,1.5,0.5,0.5,0.15,0,1,692.0,1,nan,nan,1.0,0.02506343312561512,nan,1.0,0.0,0.8969156503677368,0.09513426194812619,0.0893530158817166,0.8769205140247485,0.5041878904103865,0.4,0.4,4.8,0.2,13.4,116.2,0.07151735480874777,1.0
rule-calcium_bound-l1_lr_bas-0.002_ca_ltd_frac-0.5_ca_theta_p-1.5_ca_beta-0_lr_ap-0.128_init_power-12,calcium,l1,0.002,0.128,0.256,0.048,0.256,4.0,,True,0.0,thr,,30,203,random,12,1.0,0.1,1800,0,50,False,1.0,som,1.0,1.0,20.0,0.0,100.0,inf,1.0,0,1.5,0.5,0.5,0.15,0,2,614.0,2,nan,nan,0.9983333333333334,0.020232298783957957,nan,1.0,0.0,0.8895063877105713,0.09585585967068236,0.096350322097583,0.8831765665881207,0.45809370655740195,0.8,0.6,11.6,0.8,12.6,96.4,0.08049764235814412,1.0
rule-calcium_bound-l1_lr_bas-0.002_ca_ltd_frac-0.5_ca_theta_p-1.5_ca_beta-2_lr_ap-0.064_init_power-10,calcium,l1,0.002,0.064,0.256,0.048,0.256,4.0,,True,0.0,thr,,30,203,random,10,1.0,0.1,1800,0,50,False,1.0,som,1.0,1.0,20.0,0.0,100.0,inf,1.0,2,1.5,0.5,0.5,0.15,0,5,nan,5,nan,nan,1.0,0.021876603923738004,nan,1.0,0.0,0.838861060142517,0.09513426194812619,0.07561753888433005,0.8769205140247485,0.4661791616737713,0.4,0.4,4.8,0.4,3.8,88.4,nan,nan
rule-calcium_bound-l1_lr_bas-0.002_ca_ltd_frac-0.5_ca_theta_p-1.5_ca_beta-2_lr_ap-0.064_init_power-12,calcium,l1,0.002,0.064,0.256,0.048,0.256,4.0,,True,0.0,thr,,30,203,random,12,1.0,0.1,1800,0,50,False,1.0,som,1.0,1.0,20.0,0.0,100.0,inf,1.0,2,1.5,0.5,0.5,0.15,0,5,nan,5,nan,nan,0.9927007299270073,0.017360319010913373,nan,1.0,0.0,0.8700079083442688,0.09585585967068236,0.08595684925550758,0.8831765665881207,0.40156893077872624,0.8,0.6,11.6,1.0,5.6,72.4,nan,nan
rule-calcium_bound-l1_lr_bas-0.002_ca_ltd_frac-0.5_ca_theta_p-1.5_ca_beta-2_lr_ap-0.128_init_power-10,calcium,l1,0.002,0.128,0.256,0.048,0.256,4.0,,True,0.0,thr,,30,203,random,10,1.0,0.1,1800,0,50,False,1.0,som,1.0,1.0,20.0,0.0,100.0,inf,1.0,2,1.5,0.5,0.5,0.15,0,1,677.0,1,nan,nan,0.9977375,0.025138384476304055,nan,1.0,0.0,0.8817922353744507,0.09513426194812619,0.08087197620769744,0.8769205140247485,0.4807007544729114,0.4,0.4,4.8,0.2,7.4,111.8,0.0794412586838007,1.0
rule-calcium_bound-l1_lr_bas-0.002_ca_ltd_frac-0.5_ca_theta_p-1.5_ca_beta-2_lr_ap-0.128_init_power-12,calcium,l1,0.002,0.128,0.256,0.048,0.256,4.0,,True,0.0,thr,,30,203,random,12,1.0,0.1,1800,0,50,False,1.0,som,1.0,1.0,20.0,0.0,100.0,inf,1.0,2,1.5,0.5,0.5,0.15,0,3,663.5,3,nan,nan,0.9984375000000001,0.021547754108905793,nan,1.0,0.0,0.8986642479896545,0.09585585967068236,0.08045306411886934,0.8831765665881207,0.42438409661605,0.8,0.6,11.6,0.8,6.2,100.8,0.07661130279302597,1.0
rule-calcium_bound-l1_lr_bas-0.004_ca_ltd_frac-0.3_ca_theta_p-1.0_ca_beta-0_lr_ap-0.064_init_power-10,calcium,l1,0.004,0.064,0.256,0.048,0.256,4.0,,True,0.0,thr,,30,203,random,10,1.0,0.1,1800,0,50,False,1.0,som,1.0,1.0,20.0,0.0,100.0,inf,1.0,0,1.0,0.3,0.5,0.15,0,5,nan,5,nan,nan,nan,0.02870968170464039,nan,1.0,0.0,0.9678350687026978,0.09512437281123495,0.08693532577178913,0.8786551645443442,0.4007060965073334,0.4,0.4,5.0,8.0,11.0,73.8,nan,nan
rule-calcium_bound-l1_lr_bas-0.004_ca_ltd_frac-0.3_ca_theta_p-1.0_ca_beta-0_lr_ap-0.064_init_power-12,calcium,l1,0.004,0.064,0.256,0.048,0.256,4.0,,True,0.0,thr,,30,203,random,12,1.0,0.1,1800,0,50,False,1.0,som,1.0,1.0,20.0,0.0,100.0,inf,1.0,0,1.0,0.3,0.5,0.15,0,5,nan,5,nan,nan,nan,0.025293568149209023,nan,1.0,0.0,0.9813339412212372,0.09584369187788375,0.09815967390436012,0.8827256082966418,0.5690975606772908,0.8,0.8,11.8,7.8,11.6,97.4,nan,nan
rule-calcium_bound-l1_lr_bas-0.004_ca_ltd_frac-0.3_ca_theta_p-1.0_ca_beta-0_lr_ap-0.128_init_power-10,calcium,l1,0.004,0.128,0.256,0.048,0.256,4.0,,True,0.0,thr,,30,203,random,10,1.0,0.1,1800,0,50,False,1.0,som,1.0,1.0,20.0,0.0,100.0,inf,1.0,0,1.0,0.3,0.5,0.15,0,5,nan,5,nan,nan,nan,0.02793416567146778,nan,1.0,0.0,0.9763539731502533,0.09512437281123495,0.10162513809295504,0.8786551645443442,0.5610569969376398,0.4,0.4,5.0,7.8,9.6,69.8,nan,nan
rule-calcium_bound-l1_lr_bas-0.004_ca_ltd_frac-0.3_ca_theta_p-1.0_ca_beta-0_lr_ap-0.128_init_power-12,calcium,l1,0.004,0.128,0.256,0.048,0.256,4.0,,True,0.0,thr,,30,203,random,12,1.0,0.1,1800,0,50,False,1.0,som,1.0,1.0,20.0,0.0,100.0,inf,1.0,0,1.0,0.3,0.5,0.15,0,5,nan,5,nan,nan,nan,0.02518649275104205,nan,1.0,0.0,0.9734674294789633,0.09584369187788375,0.09471472047669616,0.8827256082966418,0.5846995192811497,0.8,0.8,11.8,7.2,10.2,100.0,nan,nan
rule-calcium_bound-l1_lr_bas-0.004_ca_ltd_frac-0.3_ca_theta_p-1.0_ca_beta-2_lr_ap-0.064_init_power-10,calcium,l1,0.004,0.064,0.256,0.048,0.256,4.0,,True,0.0,thr,,30,203,random,10,1.0,0.1,1800,0,50,False,1.0,som,1.0,1.0,20.0,0.0,100.0,inf,1.0,2,1.0,0.3,0.5,0.15,0,5,nan,5,nan,nan,nan,0.027739934002359707,nan,1.0,0.0,0.9675469795862833,0.09512437281123495,0.08198202737491332,0.8786551645443442,0.46490726345822536,0.4,0.4,5.0,2.4,1.2,68.8,nan,nan
rule-calcium_bound-l1_lr_bas-0.004_ca_ltd_frac-0.3_ca_theta_p-1.0_ca_beta-2_lr_ap-0.064_init_power-12,calcium,l1,0.004,0.064,0.256,0.048,0.256,4.0,,True,0.0,thr,,30,203,random,12,1.0,0.1,1800,0,50,False,1.0,som,1.0,1.0,20.0,0.0,100.0,inf,1.0,2,1.0,0.3,0.5,0.15,0,5,nan,5,nan,nan,nan,0.025177665675679844,nan,1.0,0.0,0.9729800422986349,0.09584369187788375,0.08672003774037668,0.8827256082966418,0.4414086118191228,0.8,0.8,11.8,2.8,2.2,74.6,nan,nan
rule-calcium_bound-l1_lr_bas-0.004_ca_ltd_frac-0.3_ca_theta_p-1.0_ca_beta-2_lr_ap-0.128_init_power-10,calcium,l1,0.004,0.128,0.256,0.048,0.256,4.0,,True,0.0,thr,,30,203,random,10,1.0,0.1,1800,0,50,False,1.0,som,1.0,1.0,20.0,0.0,100.0,inf,1.0,2,1.0,0.3,0.5,0.15,0,5,nan,5,nan,nan,nan,0.029016390442848206,nan,1.0,0.0,0.9627866446971893,0.09512437281123495,0.052518736893243836,0.8786551645443442,0.5546203081745151,0.4,0.4,5.0,1.4,0.6,56.6,nan,nan
rule-calcium_bound-l1_lr_bas-0.004_ca_ltd_frac-0.3_ca_theta_p-1.0_ca_beta-2_lr_ap-0.128_init_power-12,calcium,l1,0.004,0.128,0.256,0.048,0.256,4.0,,True,0.0,thr,,30,203,random,12,1.0,0.1,1800,0,50,False,1.0,som,1.0,1.0,20.0,0.0,100.0,inf,1.0,2,1.0,0.3,0.5,0.15,0,5,nan,5,nan,nan,nan,0.02870822139084339,nan,1.0,0.0,0.9656313061714172,0.09584369187788375,0.04490254209097399,0.8827256082966418,0.4665175614188644,0.8,0.8,11.8,1.4,1.4,34.2,nan,nan
rule-calcium_bound-l1_lr_bas-0.004_ca_ltd_frac-0.3_ca_theta_p-1.5_ca_beta-0_lr_ap-0.064_init_power-10,calcium,l1,0.004,0.064,0.256,0.048,0.256,4.0,,True,0.0,thr,,30,203,random,10,1.0,0.1,1800,0,50,False,1.0,som,1.0,1.0,20.0,0.0,100.0,inf,1.0,0,1.5,0.3,0.5,0.15,0,5,nan,5,nan,nan,nan,0.029159650206565857,nan,1.0,0.0,0.9848120510578156,0.09505283109292889,0.08972280056191262,0.882095701375144,0.4425073469648774,0.4,0.4,5.0,3.2,16.0,120.8,nan,nan
rule-calcium_bound-l1_lr_bas-0.004_ca_ltd_frac-0.3_ca_theta_p-1.5_ca_beta-0_lr_ap-0.064_init_power-12,calcium,l1,0.004,0.064,0.256,0.048,0.256,4.0,,True,0.0,thr,,30,203,random,12,1.0,0.1,1800,0,50,False,1.0,som,1.0,1.0,20.0,0.0,100.0,inf,1.0,0,1.5,0.3,0.5,0.15,0,5,nan,5,nan,nan,nan,0.024686474353075027,nan,1.0,0.0,0.9906437546014786,0.09578285824214058,0.09741438117221403,0.8818681044710734,0.416003249527005,0.8,0.6,11.6,3.2,16.0,118.4,nan,nan
rule-calcium_bound-l1_lr_bas-0.004_ca_ltd_frac-0.3_ca_theta_p-1.5_ca_beta-0_lr_ap-0.128_init_power-10,calcium,l1,0.004,0.128,0.256,0.048,0.256,4.0,,True,0.0,thr,,30,203,random,10,1.0,0.1,1800,0,50,False,1.0,som,1.0,1.0,20.0,0.0,100.0,inf,1.0,0,1.5,0.3,0.5,0.15,0,5,nan,5,nan,nan,nan,0.030562252923846244,nan,1.0,0.0,0.9928005814552308,0.09505283109292889,0.08182485414142648,0.882095701375144,0.37623137497462283,0.4,0.4,5.0,2.6,14.6,154.8,nan,nan
rule-calcium_bound-l1_lr_bas-0.004_ca_ltd_frac-0.3_ca_theta_p-1.5_ca_beta-0_lr_ap-0.128_init_power-12,calcium,l1,0.004,0.128,0.256,0.048,0.256,4.0,,True,0.0,thr,,30,203,random,12,1.0,0.1,1800,0,50,False,1.0,som,1.0,1.0,20.0,0.0,100.0,inf,1.0,0,1.5,0.3,0.5,0.15,0,5,nan,5,nan,nan,nan,0.0270699143409729,nan,1.0,0.0,0.9928893804550171,0.09578285824214058,0.08647186097481915,0.8818681044710734,0.3312966398113438,0.8,0.6,11.6,3.4,15.2,150.6,nan,nan
rule-calcium_bound-l1_lr_bas-0.004_ca_ltd_frac-0.3_ca_theta_p-1.5_ca_beta-2_lr_ap-0.064_init_power-10,calcium,l1,0.004,0.064,0.256,0.048,0.256,4.0,,True,0.0,thr,,30,203,random,10,1.0,0.1,1800,0,50,False,1.0,som,1.0,1.0,20.0,0.0,100.0,inf,1.0,2,1.5,0.3,0.5,0.15,0,5,nan,5,nan,nan,nan,0.028141301497817038,nan,1.0,0.0,0.9732916831970215,0.09505283109292889,0.07239364099910932,0.882095701375144,0.40331512285433463,0.4,0.4,5.0,2.4,6.2,132.6,nan,nan
rule-calcium_bound-l1_lr_bas-0.004_ca_ltd_frac-0.3_ca_theta_p-1.5_ca_beta-2_lr_ap-0.064_init_power-12,calcium,l1,0.004,0.064,0.256,0.048,0.256,4.0,,True,0.0,thr,,30,203,random,12,1.0,0.1,1800,0,50,False,1.0,som,1.0,1.0,20.0,0.0,100.0,inf,1.0,2,1.5,0.3,0.5,0.15,0,5,nan,5,nan,nan,nan,0.024586437890926998,nan,1.0,0.0,0.9571876923243204,0.09578285824214058,0.07727062197664485,0.8818681044710734,0.36780575894962975,0.8,0.6,11.6,2.4,7.4,87.2,nan,nan
rule-calcium_bound-l1_lr_bas-0.004_ca_ltd_frac-0.3_ca_theta_p-1.5_ca_beta-2_lr_ap-0.128_init_power-10,calcium,l1,0.004,0.128,0.256,0.048,0.256,4.0,,True,0.0,thr,,30,203,random,10,1.0,0.1,1800,0,50,False,1.0,som,1.0,1.0,20.0,0.0,100.0,inf,1.0,2,1.5,0.3,0.5,0.15,0,5,nan,5,nan,nan,nan,0.02878333379824956,nan,1.0,0.0,0.9707852204640707,0.09505283109292889,0.05985496775396363,0.882095701375144,0.37628820143469216,0.4,0.4,5.0,1.6,3.4,85.0,nan,nan
rule-calcium_bound-l1_lr_bas-0.004_ca_ltd_frac-0.3_ca_theta_p-1.5_ca_beta-2_lr_ap-0.128_init_power-12,calcium,l1,0.004,0.128,0.256,0.048,0.256,4.0,,True,0.0,thr,,30,203,random,12,1.0,0.1,1800,0,50,False,1.0,som,1.0,1.0,20.0,0.0,100.0,inf,1.0,2,1.5,0.3,0.5,0.15,0,5,nan,5,nan,nan,nan,0.025729347951710224,nan,1.0,0.0,0.9703160226345062,0.09578285824214058,0.06469920597844532,0.8818681044710734,0.36298782988015316,0.8,0.6,11.6,2.4,6.2,114.0,nan,nan
rule-calcium_bound-l1_lr_bas-0.004_ca_ltd_frac-0.5_ca_theta_p-1.0_ca_beta-0_lr_ap-0.064_init_power-10,calcium,l1,0.004,0.064,0.256,0.048,0.256,4.0,,True,0.0,thr,,30,203,random,10,1.0,0.1,1800,0,50,False,1.0,som,1.0,1.0,20.0,0.0,100.0,inf,1.0,0,1.0,0.5,0.5,0.15,0,5,nan,5,nan,nan,nan,0.025708201030890148,nan,1.0,0.0,0.8817112445831299,0.09516226030799564,0.09489412604069146,0.8786018216189836,0.5918315797373523,0.4,0.4,5.0,5.6,9.8,107.2,nan,nan
rule-calcium_bound-l1_lr_bas-0.004_ca_ltd_frac-0.5_ca_theta_p-1.0_ca_beta-0_lr_ap-0.064_init_power-12,calcium,l1,0.004,0.064,0.256,0.048,0.256,4.0,,True,0.0,thr,,30,203,random,12,1.0,0.1,1800,0,50,False,1.0,som,1.0,1.0,20.0,0.0,100.0,inf,1.0,0,1.0,0.5,0.5,0.15,0,5,nan,5,nan,nan,nan,0.02351200580596924,nan,1.0,0.0,0.9139646291732788,0.09587850005204315,0.09657642424295274,0.8825737968272686,0.615948923879142,0.8,0.6,11.6,5.8,10.2,96.6,nan,nan
rule-calcium_bound-l1_lr_bas-0.004_ca_ltd_frac-0.5_ca_theta_p-1.0_ca_beta-0_lr_ap-0.128_init_power-10,calcium,l1,0.004,0.128,0.256,0.048,0.256,4.0,,True,0.0,thr,,30,203,random,10,1.0,0.1,1800,0,50,False,1.0,som,1.0,1.0,20.0,0.0,100.0,inf,1.0,0,1.0,0.5,0.5,0.15,0,5,nan,5,nan,nan,nan,0.025524738244712353,nan,1.0,0.0,0.90032097697258,0.09516226030799564,0.08987478293660756,0.8786018216189836,0.5651639996023241,0.4,0.4,5.0,4.0,5.0,60.6,nan,nan
rule-calcium_bound-l1_lr_bas-0.004_ca_ltd_frac-0.5_ca_theta_p-1.0_ca_beta-0_lr_ap-0.128_init_power-12,calcium,l1,0.004,0.128,0.256,0.048,0.256,4.0,,True,0.0,thr,,30,203,random,12,1.0,0.1,1800,0,50,False,1.0,som,1.0,1.0,20.0,0.0,100.0,inf,1.0,0,1.0,0.5,0.5,0.15,0,5,nan,5,nan,nan,nan,0.023198372373978298,nan,1.0,0.0,0.8922820091247559,0.09587850005204315,0.08532763703158491,0.8825737968272686,0.6567355610771429,0.8,0.6,11.6,4.8,5.6,93.4,nan,nan
rule-calcium_bound-l1_lr_bas-0.004_ca_ltd_frac-0.5_ca_theta_p-1.0_ca_beta-2_lr_ap-0.064_init_power-10,calcium,l1,0.004,0.064,0.256,0.048,0.256,4.0,,True,0.0,thr,,30,203,random,10,1.0,0.1,1800,0,50,False,1.0,som,1.0,1.0,20.0,0.0,100.0,inf,1.0,2,1.0,0.5,0.5,0.15,0,5,nan,5,nan,nan,nan,0.027080178260803223,nan,1.0,0.0,0.8371256589889526,0.09516226030799564,0.0852613832139931,0.8786018216189836,0.48554702897335317,0.4,0.4,5.0,0.0,0.6,24.6,nan,nan
rule-calcium_bound-l1_lr_bas-0.004_ca_ltd_frac-0.5_ca_theta_p-1.0_ca_beta-2_lr_ap-0.064_init_power-12,calcium,l1,0.004,0.064,0.256,0.048,0.256,4.0,,True,0.0,thr,,30,203,random,12,1.0,0.1,1800,0,50,False,1.0,som,1.0,1.0,20.0,0.0,100.0,inf,1.0,2,1.0,0.5,0.5,0.15,0,5,nan,5,nan,nan,nan,0.025532377262910206,nan,1.0,0.0,0.883988618850708,0.09587850005204315,0.07934665729094,0.8825737968272686,0.4903530910986839,0.8,0.6,11.6,0.4,0.6,70.8,nan,nan
rule-calcium_bound-l1_lr_bas-0.004_ca_ltd_frac-0.5_ca_theta_p-1.0_ca_beta-2_lr_ap-0.128_init_power-10,calcium,l1,0.004,0.128,0.256,0.048,0.256,4.0,,True,0.0,thr,,30,203,random,10,1.0,0.1,1800,0,50,False,1.0,som,1.0,1.0,20.0,0.0,100.0,inf,1.0,2,1.0,0.5,0.5,0.15,0,5,nan,5,nan,nan,nan,0.025954946875572205,nan,1.0,0.0,0.8446217775344849,0.09516226030799564,0.0689067264306229,0.8786018216189836,0.5120605271296366,0.4,0.4,5.0,0.0,0.4,26.0,nan,nan
rule-calcium_bound-l1_lr_bas-0.004_ca_ltd_frac-0.5_ca_theta_p-1.0_ca_beta-2_lr_ap-0.128_init_power-12,calcium,l1,0.004,0.128,0.256,0.048,0.256,4.0,,True,0.0,thr,,30,203,random,12,1.0,0.1,1800,0,50,False,1.0,som,1.0,1.0,20.0,0.0,100.0,inf,1.0,2,1.0,0.5,0.5,0.15,0,5,nan,5,nan,nan,nan,0.02579493261873722,nan,1.0,0.0,0.8815891345342001,0.09587850005204315,0.055369530369086234,0.8825737968272686,0.5693418083583989,0.8,0.6,11.6,0.6,0.8,91.2,nan,nan
rule-calcium_bound-l1_lr_bas-0.004_ca_ltd_frac-0.5_ca_theta_p-1.5_ca_beta-0_lr_ap-0.064_init_power-10,calcium,l1,0.004,0.064,0.256,0.048,0.256,4.0,,True,0.0,thr,,30,203,random,10,1.0,0.1,1800,0,50,False,1.0,som,1.0,1.0,20.0,0.0,100.0,inf,1.0,0,1.5,0.5,0.5,0.15,0,5,nan,5,nan,nan,nan,0.02376795234158635,nan,1.0,0.0,0.8878795355558395,0.0951027693693345,0.08918308142638051,0.8789743347876833,0.5170526232729232,0.4,0.4,4.8,0.0,15.0,85.8,nan,nan
rule-calcium_bound-l1_lr_bas-0.004_ca_ltd_frac-0.5_ca_theta_p-1.5_ca_beta-0_lr_ap-0.064_init_power-12,calcium,l1,0.004,0.064,0.256,0.048,0.256,4.0,,True,0.0,thr,,30,203,random,12,1.0,0.1,1800,0,50,False,1.0,som,1.0,1.0,20.0,0.0,100.0,inf,1.0,0,1.5,0.5,0.5,0.15,0,5,nan,5,nan,nan,nan,0.01955211954191327,nan,1.0,0.0,0.8840522319078445,0.09582893327382122,0.09699669503163376,0.8824217176367414,0.4873358638067199,0.8,0.6,11.6,0.6,13.8,79.2,nan,nan
rule-calcium_bound-l1_lr_bas-0.004_ca_ltd_frac-0.5_ca_theta_p-1.5_ca_beta-0_lr_ap-0.128_init_power-10,calcium,l1,0.004,0.128,0.256,0.048,0.256,4.0,,True,0.0,thr,,30,203,random,10,1.0,0.1,1800,0,50,False,1.0,som,1.0,1.0,20.0,0.0,100.0,inf,1.0,0,1.5,0.5,0.5,0.15,0,5,nan,5,nan,nan,nan,0.030885281413793562,nan,1.0,0.0,0.9754756093025208,0.0951027693693345,0.07520539832921877,0.8789743347876833,0.4435642640293902,0.4,0.4,4.8,0.0,12.8,144.6,nan,nan
rule-calcium_bound-l1_lr_bas-0.004_ca_ltd_frac-0.5_ca_theta_p-1.5_ca_beta-0_lr_ap-0.128_init_power-12,calcium,l1,0.004,0.128,0.256,0.048,0.256,4.0,,True,0.0,thr,,30,203,random,12,1.0,0.1,1800,0,50,False,1.0,som,1.0,1.0,20.0,0.0,100.0,inf,1.0,0,1.5,0.5,0.5,0.15,0,5,nan,5,nan,nan,nan,0.02479741647839546,nan,1.0,0.0,0.9352345585823059,0.09582893327382122,0.08111400691319247,0.8824217176367414,0.42607054732364436,0.8,0.6,11.6,0.6,10.6,125.0,nan,nan
rule-calcium_bound-l1_lr_bas-0.004_ca_ltd_frac-0.5_ca_theta_p-1.5_ca_beta-2_lr_ap-0.064_init_power-10,calcium,l1,0.004,0.064,0.256,0.048,0.256,4.0,,True,0.0,thr,,30,203,random,10,1.0,0.1,1800,0,50,False,1.0,som,1.0,1.0,20.0,0.0,100.0,inf,1.0,2,1.5,0.5,0.5,0.15,0,5,nan,5,nan,nan,nan,0.02824960897366206,nan,1.0,0.0,0.9185509284337362,0.0951027693693345,0.057910789645411166,0.8789743347876833,0.4623973560235925,0.4,0.4,4.8,0.0,2.6,74.0,nan,nan
rule-calcium_bound-l1_lr_bas-0.004_ca_ltd_frac-0.5_ca_theta_p-1.5_ca_beta-2_lr_ap-0.064_init_power-12,calcium,l1,0.004,0.064,0.256,0.048,0.256,4.0,,True,0.0,thr,,30,203,random,12,1.0,0.1,1800,0,50,False,1.0,som,1.0,1.0,20.0,0.0,100.0,inf,1.0,2,1.5,0.5,0.5,0.15,0,5,nan,5,nan,nan,nan,0.021609543822705746,nan,1.0,0.0,0.8961208760738373,0.09582893327382122,0.07559818777683742,0.8824217176367414,0.39849549583910465,0.8,0.6,11.6,0.4,4.8,78.6,nan,nan
rule-calcium_bound-l1_lr_bas-0.004_ca_ltd_frac-0.5_ca_theta_p-1.5_ca_beta-2_lr_ap-0.128_init_power-10,calcium,l1,0.004,0.128,0.256,0.048,0.256,4.0,,True,0.0,thr,,30,203,random,10,1.0,0.1,1800,0,50,False,1.0,som,1.0,1.0,20.0,0.0,100.0,inf,1.0,2,1.5,0.5,0.5,0.15,0,3,530.0,3,nan,nan,0.9937,0.03328603655099869,nan,1.0,0.0,0.9586907863616944,0.0951027693693345,0.05898524049990245,0.8789743347876833,0.4767412741611633,0.4,0.4,4.8,0.0,4.0,147.4,0.07882893830537796,1.0
rule-calcium_bound-l1_lr_bas-0.004_ca_ltd_frac-0.5_ca_theta_p-1.5_ca_beta-2_lr_ap-0.128_init_power-12,calcium,l1,0.004,0.128,0.256,0.048,0.256,4.0,,True,0.0,thr,,30,203,random,12,1.0,0.1,1800,0,50,False,1.0,som,1.0,1.0,20.0,0.0,100.0,inf,1.0,2,1.5,0.5,0.5,0.15,0,5,nan,5,nan,nan,nan,0.02774837240576744,nan,1.0,0.0,0.9493529915809631,0.09582893327382122,0.05016484264008555,0.8824217176367414,0.41339881467115946,0.8,0.6,11.6,0.4,3.4,132.4,nan,nan
rule-calcium_bound-l1_lr_bas-0.008_ca_ltd_frac-0.3_ca_theta_p-1.0_ca_beta-0_lr_ap-0.064_init_power-10,calcium,l1,0.008,0.064,0.256,0.048,0.256,4.0,,True,0.0,thr,,30,203,random,10,1.0,0.1,1800,0,50,False,1.0,som,1.0,1.0,20.0,0.0,100.0,inf,1.0,0,1.0,0.3,0.5,0.15,0,5,nan,5,nan,nan,nan,0.033895468339324,nan,1.0,0.0,0.9976056814193726,0.09508688432245443,0.09699397871952894,0.8801944592475015,0.45026612573440755,0.4,0.4,5.0,7.6,12.2,108.2,nan,nan
rule-calcium_bound-l1_lr_bas-0.008_ca_ltd_frac-0.3_ca_theta_p-1.0_ca_beta-0_lr_ap-0.064_init_power-12,calcium,l1,0.008,0.064,0.256,0.048,0.256,4.0,,True,0.0,thr,,30,203,random,12,1.0,0.1,1800,0,50,False,1.0,som,1.0,1.0,20.0,0.0,100.0,inf,1.0,0,1.0,0.3,0.5,0.15,0,5,nan,5,nan,nan,nan,0.030350890941917896,nan,1.0,0.0,0.9984948635101318,0.09580776192301588,0.09792561659022692,0.883636626230755,0.47605949285422844,0.8,0.8,12.2,8.2,12.8,105.2,nan,nan
rule-calcium_bound-l1_lr_bas-0.008_ca_ltd_frac-0.3_ca_theta_p-1.0_ca_beta-0_lr_ap-0.128_init_power-10,calcium,l1,0.008,0.128,0.256,0.048,0.256,4.0,,True,0.0,thr,,30,203,random,10,1.0,0.1,1800,0,50,False,1.0,som,1.0,1.0,20.0,0.0,100.0,inf,1.0,0,1.0,0.3,0.5,0.15,0,5,nan,5,nan,nan,nan,0.031445497646927834,nan,1.0,0.0,0.9935412108898163,0.09508688432245443,0.10445978254133795,0.8801944592475015,0.5348909861818847,0.4,0.4,5.0,7.0,11.2,89.4,nan,nan
rule-calcium_bound-l1_lr_bas-0.008_ca_ltd_frac-0.3_ca_theta_p-1.0_ca_beta-0_lr_ap-0.128_init_power-12,calcium,l1,0.008,0.128,0.256,0.048,0.256,4.0,,True,0.0,thr,,30,203,random,12,1.0,0.1,1800,0,50,False,1.0,som,1.0,1.0,20.0,0.0,100.0,inf,1.0,0,1.0,0.3,0.5,0.15,0,5,nan,5,nan,nan,nan,0.030151589463154476,nan,1.0,0.0,0.995877206325531,0.09580776192301588,0.09523309918293672,0.883636626230755,0.46074906622254036,0.8,0.8,12.2,7.8,11.8,113.4,nan,nan
rule-calcium_bound-l1_lr_bas-0.008_ca_ltd_frac-0.3_ca_theta_p-1.0_ca_beta-2_lr_ap-0.064_init_power-10,calcium,l1,0.008,0.064,0.256,0.048,0.256,4.0,,True,0.0,thr,,30,203,random,10,1.0,0.1,1800,0,50,False,1.0,som,1.0,1.0,20.0,0.0,100.0,inf,1.0,2,1.0,0.3,0.5,0.15,0,5,nan,5,nan,nan,nan,0.031352212031682335,nan,1.0,0.0,0.9923177361488342,0.09508688432245443,0.08613833461651077,0.8801944592475015,0.46783771853730016,0.4,0.4,5.0,1.4,0.6,53.0,nan,nan
rule-calcium_bound-l1_lr_bas-0.008_ca_ltd_frac-0.3_ca_theta_p-1.0_ca_beta-2_lr_ap-0.064_init_power-12,calcium,l1,0.008,0.064,0.256,0.048,0.256,4.0,,True,0.0,thr,,30,203,random,12,1.0,0.1,1800,0,50,False,1.0,som,1.0,1.0,20.0,0.0,100.0,inf,1.0,2,1.0,0.3,0.5,0.15,0,5,nan,5,nan,nan,nan,0.02969823715587457,nan,1.0,0.0,0.9923079609870911,0.09580776192301588,0.0893357825361073,0.883636626230755,0.48165464037831085,0.8,0.8,12.2,1.6,1.4,60.2,nan,nan
rule-calcium_bound-l1_lr_bas-0.008_ca_ltd_frac-0.3_ca_theta_p-1.0_ca_beta-2_lr_ap-0.128_init_power-10,calcium,l1,0.008,0.128,0.256,0.048,0.256,4.0,,True,0.0,thr,,30,203,random,10,1.0,0.1,1800,0,50,False,1.0,som,1.0,1.0,20.0,0.0,100.0,inf,1.0,2,1.0,0.3,0.5,0.15,0,5,nan,5,nan,nan,nan,0.032995983958244324,nan,1.0,0.0,0.9797995984554291,0.09508688432245443,0.05251722273518397,0.8801944592475015,0.42965373550850994,0.4,0.4,5.0,0.8,0.4,55.8,nan,nan
rule-calcium_bound-l1_lr_bas-0.008_ca_ltd_frac-0.3_ca_theta_p-1.0_ca_beta-2_lr_ap-0.128_init_power-12,calcium,l1,0.008,0.128,0.256,0.048,0.256,4.0,,True,0.0,thr,,30,203,random,12,1.0,0.1,1800,0,50,False,1.0,som,1.0,1.0,20.0,0.0,100.0,inf,1.0,2,1.0,0.3,0.5,0.15,0,5,nan,5,nan,nan,nan,0.03274709731340408,nan,1.0,0.0,0.9949976007143656,0.09580776192301588,0.050034159602425354,0.883636626230755,0.38929773896474446,0.8,0.8,12.2,0.8,0.8,86.0,nan,nan
rule-calcium_bound-l1_lr_bas-0.008_ca_ltd_frac-0.3_ca_theta_p-1.5_ca_beta-0_lr_ap-0.064_init_power-10,calcium,l1,0.008,0.064,0.256,0.048,0.256,4.0,,True,0.0,thr,,30,203,random,10,1.0,0.1,1800,0,50,False,1.0,som,1.0,1.0,20.0,0.0,100.0,inf,1.0,0,1.5,0.3,0.5,0.15,0,5,nan,5,nan,nan,nan,0.03246236965060234,nan,1.0,0.0,0.9916145950555801,0.09494624377715095,0.08673870068776565,0.8819689935850817,0.4402386934236758,0.4,0.4,5.0,2.4,15.6,133.0,nan,nan
rule-calcium_bound-l1_lr_bas-0.008_ca_ltd_frac-0.3_ca_theta_p-1.5_ca_beta-0_lr_ap-0.064_init_power-12,calcium,l1,0.008,0.064,0.256,0.048,0.256,4.0,,True,0.0,thr,,30,203,random,12,1.0,0.1,1800,0,50,False,1.0,som,1.0,1.0,20.0,0.0,100.0,inf,1.0,0,1.5,0.3,0.5,0.15,0,5,nan,5,nan,nan,nan,0.029284970462322236,nan,1.0,0.0,0.9961017489433288,0.09568356142967013,0.08741530882991985,0.8835359764400647,0.4073796720090864,0.8,0.8,11.8,2.8,16.0,157.6,nan,nan
rule-calcium_bound-l1_lr_bas-0.008_ca_ltd_frac-0.3_ca_theta_p-1.5_ca_beta-0_lr_ap-0.128_init_power-10,calcium,l1,0.008,0.128,0.256,0.048,0.256,4.0,,True,0.0,thr,,30,203,random,10,1.0,0.1,1800,0,50,False,1.0,som,1.0,1.0,20.0,0.0,100.0,inf,1.0,0,1.5,0.3,0.5,0.15,0,5,nan,5,nan,nan,nan,0.03418745137751102,nan,1.0,0.0,0.998068118095398,0.09494624377715095,0.07930945525470287,0.8819689935850817,0.3901610941480894,0.4,0.4,5.0,2.2,14.8,161.8,nan,nan
rule-calcium_bound-l1_lr_bas-0.008_ca_ltd_frac-0.3_ca_theta_p-1.5_ca_beta-0_lr_ap-0.128_init_power-12,calcium,l1,0.008,0.128,0.256,0.048,0.256,4.0,,True,0.0,thr,,30,203,random,12,1.0,0.1,1800,0,50,False,1.0,som,1.0,1.0,20.0,0.0,100.0,inf,1.0,0,1.5,0.3,0.5,0.15,0,5,nan,5,nan,nan,nan,0.029654395952820777,nan,1.0,0.0,0.9980480909347534,0.09568356142967013,0.08301678178101965,0.8835359764400647,0.33325403211468757,0.8,0.8,11.8,2.6,15.2,160.8,nan,nan
rule-calcium_bound-l1_lr_bas-0.008_ca_ltd_frac-0.3_ca_theta_p-1.5_ca_beta-2_lr_ap-0.064_init_power-10,calcium,l1,0.008,0.064,0.256,0.048,0.256,4.0,,True,0.0,thr,,30,203,random,10,1.0,0.1,1800,0,50,False,1.0,som,1.0,1.0,20.0,0.0,100.0,inf,1.0,2,1.5,0.3,0.5,0.15,0,5,nan,5,nan,nan,nan,0.03304106518626213,nan,1.0,0.0,0.9950514793395996,0.09494624377715095,0.061784558160433156,0.8819689935850817,0.384123992738854,0.4,0.4,5.0,2.0,3.2,129.4,nan,nan
rule-calcium_bound-l1_lr_bas-0.008_ca_ltd_frac-0.3_ca_theta_p-1.5_ca_beta-2_lr_ap-0.064_init_power-12,calcium,l1,0.008,0.064,0.256,0.048,0.256,4.0,,True,0.0,thr,,30,203,random,12,1.0,0.1,1800,0,50,False,1.0,som,1.0,1.0,20.0,0.0,100.0,inf,1.0,2,1.5,0.3,0.5,0.15,0,5,nan,5,nan,nan,nan,0.029856222122907637,nan,1.0,0.0,0.994845986366272,0.09568356142967013,0.07056965393432249,0.8835359764400647,0.3680383438145317,0.8,0.8,11.8,2.0,6.8,133.4,nan,nan
rule-calcium_bound-l1_lr_bas-0.008_ca_ltd_frac-0.3_ca_theta_p-1.5_ca_beta-2_lr_ap-0.128_init_power-10,calcium,l1,0.008,0.128,0.256,0.048,0.256,4.0,,True,0.0,thr,,30,203,random,10,1.0,0.1,1800,0,50,False,1.0,som,1.0,1.0,20.0,0.0,100.0,inf,1.0,2,1.5,0.3,0.5,0.15,0,5,nan,5,nan,nan,nan,0.034332959353923796,nan,1.0,0.0,0.9937230110168457,0.09494624377715095,0.03894997006977574,0.8819689935850817,0.35451375772930727,0.4,0.4,5.0,1.6,2.2,155.6,nan,nan
rule-calcium_bound-l1_lr_bas-0.008_ca_ltd_frac-0.3_ca_theta_p-1.5_ca_beta-2_lr_ap-0.128_init_power-12,calcium,l1,0.008,0.128,0.256,0.048,0.256,4.0,,True,0.0,thr,,30,203,random,12,1.0,0.1,1800,0,50,False,1.0,som,1.0,1.0,20.0,0.0,100.0,inf,1.0,2,1.5,0.3,0.5,0.15,0,5,nan,5,nan,nan,nan,0.03186426777392626,nan,1.0,0.0,0.9994022697210312,0.09568356142967013,0.047501118020648665,0.8835359764400647,0.30512983733909094,0.8,0.8,11.8,2.0,3.4,127.2,nan,nan
rule-calcium_bound-l1_lr_bas-0.008_ca_ltd_frac-0.5_ca_theta_p-1.0_ca_beta-0_lr_ap-0.064_init_power-10,calcium,l1,0.008,0.064,0.256,0.048,0.256,4.0,,True,0.0,thr,,30,203,random,10,1.0,0.1,1800,0,50,False,1.0,som,1.0,1.0,20.0,0.0,100.0,inf,1.0,0,1.0,0.5,0.5,0.15,0,5,nan,5,nan,nan,nan,0.03204768896102905,nan,1.0,0.0,0.9560294151306152,0.09516280919108439,0.0920034653931304,0.879826125972176,0.6801830955682565,0.4,0.4,5.0,5.0,11.6,85.2,nan,nan
rule-calcium_bound-l1_lr_bas-0.008_ca_ltd_frac-0.5_ca_theta_p-1.0_ca_beta-0_lr_ap-0.064_init_power-12,calcium,l1,0.008,0.064,0.256,0.048,0.256,4.0,,True,0.0,thr,,30,203,random,12,1.0,0.1,1800,0,50,False,1.0,som,1.0,1.0,20.0,0.0,100.0,inf,1.0,0,1.0,0.5,0.5,0.15,0,5,nan,5,nan,nan,nan,0.028173152978221577,nan,1.0,0.0,0.9464303255081177,0.09587578429105315,0.09691365820308288,0.881003864002911,0.6043620625598084,0.8,0.8,11.8,6.4,12.4,130.6,nan,nan
rule-calcium_bound-l1_lr_bas-0.008_ca_ltd_frac-0.5_ca_theta_p-1.0_ca_beta-0_lr_ap-0.128_init_power-10,calcium,l1,0.008,0.128,0.256,0.048,0.256,4.0,,True,0.0,thr,,30,203,random,10,1.0,0.1,1800,0,50,False,1.0,som,1.0,1.0,20.0,0.0,100.0,inf,1.0,0,1.0,0.5,0.5,0.15,0,5,nan,5,nan,nan,nan,0.030826102942228317,nan,1.0,0.0,0.9371988375981649,0.09516280919108439,0.08352807719382739,0.879826125972176,0.5887261604691667,0.4,0.4,5.0,3.8,8.6,102.4,nan,nan
rule-calcium_bound-l1_lr_bas-0.008_ca_ltd_frac-0.5_ca_theta_p-1.0_ca_beta-0_lr_ap-0.128_init_power-12,calcium,l1,0.008,0.128,0.256,0.048,0.256,4.0,,True,0.0,thr,,30,203,random,12,1.0,0.1,1800,0,50,False,1.0,som,1.0,1.0,20.0,0.0,100.0,inf,1.0,0,1.0,0.5,0.5,0.15,0,5,nan,5,nan,nan,nan,0.026533644646406174,nan,1.0,0.0,0.9395642876625061,0.09587578429105315,0.0907190578519497,0.881003864002911,0.6036823484820112,0.8,0.8,11.8,4.6,9.8,86.8,nan,nan
rule-calcium_bound-l1_lr_bas-0.008_ca_ltd_frac-0.5_ca_theta_p-1.0_ca_beta-2_lr_ap-0.064_init_power-10,calcium,l1,0.008,0.064,0.256,0.048,0.256,4.0,,True,0.0,thr,,30,203,random,10,1.0,0.1,1800,0,50,False,1.0,som,1.0,1.0,20.0,0.0,100.0,inf,1.0,2,1.0,0.5,0.5,0.15,0,5,nan,5,nan,nan,nan,0.030912110581994057,nan,1.0,0.0,0.9141448736190796,0.09516280919108439,0.0812465566483678,0.879826125972176,0.4371459650718863,0.4,0.4,5.0,0.0,0.2,26.0,nan,nan
rule-calcium_bound-l1_lr_bas-0.008_ca_ltd_frac-0.5_ca_theta_p-1.0_ca_beta-2_lr_ap-0.064_init_power-12,calcium,l1,0.008,0.064,0.256,0.048,0.256,4.0,,True,0.0,thr,,30,203,random,12,1.0,0.1,1800,0,50,False,1.0,som,1.0,1.0,20.0,0.0,100.0,inf,1.0,2,1.0,0.5,0.5,0.15,0,5,nan,5,nan,nan,nan,0.029495656490325928,nan,1.0,0.0,0.90619957447052,0.09587578429105315,0.07801250053285722,0.881003864002911,0.33994160693020825,0.8,0.8,11.8,0.0,0.6,21.6,nan,nan
rule-calcium_bound-l1_lr_bas-0.008_ca_ltd_frac-0.5_ca_theta_p-1.0_ca_beta-2_lr_ap-0.128_init_power-10,calcium,l1,0.008,0.128,0.256,0.048,0.256,4.0,,True,0.0,thr,,30,203,random,10,1.0,0.1,1800,0,50,False,1.0,som,1.0,1.0,20.0,0.0,100.0,inf,1.0,2,1.0,0.5,0.5,0.15,0,5,nan,5,nan,nan,nan,0.03188953921198845,nan,1.0,0.0,0.8811048865318298,0.09516280919108439,0.05183692042737423,0.879826125972176,0.4821228432536489,0.4,0.4,5.0,0.2,0.2,27.8,nan,nan
rule-calcium_bound-l1_lr_bas-0.008_ca_ltd_frac-0.5_ca_theta_p-1.0_ca_beta-2_lr_ap-0.128_init_power-12,calcium,l1,0.008,0.128,0.256,0.048,0.256,4.0,,True,0.0,thr,,30,203,random,12,1.0,0.1,1800,0,50,False,1.0,som,1.0,1.0,20.0,0.0,100.0,inf,1.0,2,1.0,0.5,0.5,0.15,0,5,nan,5,nan,nan,nan,0.030748859668771427,nan,1.0,0.0,0.9177292386690775,0.09587578429105315,0.05920739442692591,0.881003864002911,0.4741211196639182,0.8,0.8,11.8,0.4,0.2,78.8,nan,nan
rule-calcium_bound-l1_lr_bas-0.008_ca_ltd_frac-0.5_ca_theta_p-1.5_ca_beta-0_lr_ap-0.064_init_power-10,calcium,l1,0.008,0.064,0.256,0.048,0.256,4.0,,True,0.0,thr,,30,203,random,10,1.0,0.1,1800,0,50,False,1.0,som,1.0,1.0,20.0,0.0,100.0,inf,1.0,0,1.5,0.5,0.5,0.15,0,5,nan,5,nan,nan,nan,0.030345242097973825,nan,1.0,0.0,0.9443101406097412,0.09504357938272878,0.07626345388547019,0.881602206324288,0.5003270209598628,0.4,0.4,4.6,0.0,14.0,134.2,nan,nan
rule-calcium_bound-l1_lr_bas-0.008_ca_ltd_frac-0.5_ca_theta_p-1.5_ca_beta-0_lr_ap-0.064_init_power-12,calcium,l1,0.008,0.064,0.256,0.048,0.256,4.0,,True,0.0,thr,,30,203,random,12,1.0,0.1,1800,0,50,False,1.0,som,1.0,1.0,20.0,0.0,100.0,inf,1.0,0,1.5,0.5,0.5,0.15,0,5,nan,5,nan,nan,nan,0.02869425993412733,nan,1.0,0.0,0.9590271413326263,0.09577605583188807,0.07747339982752864,0.8811933963136006,0.4825051242532752,0.8,0.6,11.6,0.0,15.2,114.4,nan,nan
rule-calcium_bound-l1_lr_bas-0.008_ca_ltd_frac-0.5_ca_theta_p-1.5_ca_beta-0_lr_ap-0.128_init_power-10,calcium,l1,0.008,0.128,0.256,0.048,0.256,4.0,,True,0.0,thr,,30,203,random,10,1.0,0.1,1800,0,50,False,1.0,som,1.0,1.0,20.0,0.0,100.0,inf,1.0,0,1.5,0.5,0.5,0.15,0,5,nan,5,nan,nan,nan,0.03480416350066662,nan,1.0,0.0,0.9814337015151977,0.09504357938272878,0.06859122754817029,0.881602206324288,0.4202370157551978,0.4,0.4,4.6,0.0,12.0,158.0,nan,nan
rule-calcium_bound-l1_lr_bas-0.008_ca_ltd_frac-0.5_ca_theta_p-1.5_ca_beta-0_lr_ap-0.128_init_power-12,calcium,l1,0.008,0.128,0.256,0.048,0.256,4.0,,True,0.0,thr,,30,203,random,12,1.0,0.1,1800,0,50,False,1.0,som,1.0,1.0,20.0,0.0,100.0,inf,1.0,0,1.5,0.5,0.5,0.15,0,5,nan,5,nan,nan,nan,0.030423613886038463,nan,1.0,0.0,0.9745039741198221,0.09577605583188807,0.07410279097207824,0.8811933963136006,0.42849420039914476,0.8,0.6,11.6,0.2,12.4,88.8,nan,nan
rule-calcium_bound-l1_lr_bas-0.008_ca_ltd_frac-0.5_ca_theta_p-1.5_ca_beta-2_lr_ap-0.064_init_power-10,calcium,l1,0.008,0.064,0.256,0.048,0.256,4.0,,True,0.0,thr,,30,203,random,10,1.0,0.1,1800,0,50,False,1.0,som,1.0,1.0,20.0,0.0,100.0,inf,1.0,2,1.5,0.5,0.5,0.15,0,3,416.5,3,nan,nan,0.9790750000000001,0.03799614403396845,nan,1.0,0.0,0.973900556564331,0.09504357938272878,0.05934855317607966,0.881602206324288,0.3904887072499311,0.4,0.4,4.6,0.0,1.0,121.2,0.07884889468550682,1.0
rule-calcium_bound-l1_lr_bas-0.008_ca_ltd_frac-0.5_ca_theta_p-1.5_ca_beta-2_lr_ap-0.064_init_power-12,calcium,l1,0.008,0.064,0.256,0.048,0.256,4.0,,True,0.0,thr,,30,203,random,12,1.0,0.1,1800,0,50,False,1.0,som,1.0,1.0,20.0,0.0,100.0,inf,1.0,2,1.5,0.5,0.5,0.15,0,4,420.0,4,nan,nan,0.9874,0.03185141049325466,nan,1.0,0.0,0.9698251128196717,0.09577605583188807,0.05629777130288864,0.8811933963136006,0.3664238312757255,0.8,0.6,11.6,0.2,1.8,130.2,0.0739392414689064,1.0
rule-calcium_bound-l1_lr_bas-0.008_ca_ltd_frac-0.5_ca_theta_p-1.5_ca_beta-2_lr_ap-0.128_init_power-10,calcium,l1,0.008,0.128,0.256,0.048,0.256,4.0,,True,0.0,thr,,30,203,random,10,1.0,0.1,1800,0,50,False,1.0,som,1.0,1.0,20.0,0.0,100.0,inf,1.0,2,1.5,0.5,0.5,0.15,0,2,451.5,3,nan,nan,0.8083666666666666,0.040398966521024704,nan,1.0,0.0,0.9835456013679504,0.09504357938272878,0.047469676367165495,0.881602206324288,0.43630379541118913,0.4,0.4,4.6,0.0,1.8,171.0,0.05751472835739454,1.0
rule-calcium_bound-l1_lr_bas-0.008_ca_ltd_frac-0.5_ca_theta_p-1.5_ca_beta-2_lr_ap-0.128_init_power-12,calcium,l1,0.008,0.128,0.256,0.048,0.256,4.0,,True,0.0,thr,,30,203,random,12,1.0,0.1,1800,0,50,False,1.0,som,1.0,1.0,20.0,0.0,100.0,inf,1.0,2,1.5,0.5,0.5,0.15,0,3,398.0,3,nan,nan,0.99265,0.03536991914734244,nan,1.0,0.0,0.9793437272310257,0.09577605583188807,0.05149381190650161,0.8811933963136006,0.4283732959821971,0.8,0.6,11.6,0.0,1.6,126.0,0.0640408992767334,1.0
rule-hebb_bound-soft_lr_bas-0.032_theta_bas_0-12_theta_0-1_lr_ap-0.064_init_power-10,hebb,soft,0.032,0.064,0.256,0.048,0.256,1,12,True,0.0,thr,,30,203,random,10,1.0,0.1,1800,0,50,False,1.0,som,1.0,1.0,20.0,0.0,100.0,inf,1.0,2.0,1.5,0.5,0.5,0.15,0,5,nan,5,nan,nan,nan,0.020496432110667227,nan,0.8206326127052307,8.451588789840914e-38,0.9999994277954102,0.09514913412922583,0.09949580356372387,0.8691685396871238,0.8860447567690528,0.4,0.4,5.0,2.0,14.2,53.4,nan,nan
rule-hebb_bound-soft_lr_bas-0.032_theta_bas_0-12_theta_0-1_lr_ap-0.064_init_power-12,hebb,soft,0.032,0.064,0.256,0.048,0.256,1,12,True,0.0,thr,,30,203,random,12,1.0,0.1,1800,0,50,False,1.0,som,1.0,1.0,20.0,0.0,100.0,inf,1.0,2.0,1.5,0.5,0.5,0.15,0,5,nan,5,nan,nan,nan,0.018298356980085372,nan,0.9714071989059448,1.5974802493302915e-44,0.9999993324279786,0.09587553011409629,0.10615186677643948,0.8808544106416528,0.893846834926803,0.8,0.6,11.6,3.0,15.2,74.0,nan,nan
rule-hebb_bound-soft_lr_bas-0.032_theta_bas_0-12_theta_0-1_lr_ap-0.128_init_power-10,hebb,soft,0.032,0.128,0.256,0.048,0.256,1,12,True,0.0,thr,,30,203,random,10,1.0,0.1,1800,0,50,False,1.0,som,1.0,1.0,20.0,0.0,100.0,inf,1.0,2.0,1.5,0.5,0.5,0.15,0,5,nan,5,nan,nan,nan,0.018611807003617288,nan,0.866602611541748,1.1573470004132677e-37,0.999999713897705,0.09514913412922583,0.10475267992861881,0.8691685396871238,0.8863746264335799,0.4,0.4,5.0,2.4,15.2,50.6,nan,nan
rule-hebb_bound-soft_lr_bas-0.032_theta_bas_0-12_theta_0-1_lr_ap-0.128_init_power-12,hebb,soft,0.032,0.128,0.256,0.048,0.256,1,12,True,0.0,thr,,30,203,random,12,1.0,0.1,1800,0,50,False,1.0,som,1.0,1.0,20.0,0.0,100.0,inf,1.0,2.0,1.5,0.5,0.5,0.15,0,5,nan,5,nan,nan,nan,0.016856168024241926,nan,1.0319300651550294,2.1019476964872256e-44,0.9999874830245972,0.09587553011409629,0.10744416593904023,0.8808544106416528,0.8935682203234195,0.8,0.6,11.6,3.2,16.0,75.6,nan,nan
rule-hebb_bound-soft_lr_bas-0.032_theta_bas_0-12_theta_0-4_lr_ap-0.064_init_power-10,hebb,soft,0.032,0.064,0.256,0.048,0.256,4,12,True,0.0,thr,,30,203,random,10,1.0,0.1,1800,0,50,False,1.0,som,1.0,1.0,20.0,0.0,100.0,inf,1.0,2.0,1.5,0.5,0.5,0.15,0,5,nan,5,nan,nan,nan,0.02513303980231285,nan,0.5464664995670319,5.183004069864705e-38,0.9999999701976776,0.09514913412922583,0.07225257726894113,0.8691685396871238,0.8854161437709415,0.4,0.4,5.0,0.8,10.8,28.0,nan,nan
rule-hebb_bound-soft_lr_bas-0.032_theta_bas_0-12_theta_0-4_lr_ap-0.064_init_power-12,hebb,soft,0.032,0.064,0.256,0.048,0.256,4,12,True,0.0,thr,,30,203,random,12,1.0,0.1,1800,0,50,False,1.0,som,1.0,1.0,20.0,0.0,100.0,inf,1.0,2.0,1.5,0.5,0.5,0.15,0,5,nan,5,nan,nan,nan,0.021678704395890237,nan,0.8106558680534363,1.3452465257518243e-44,0.9999999523162841,0.09587553011409629,0.093278509373999,0.8808544106416528,0.8928118430946631,0.8,0.6,11.6,2.2,13.2,65.4,nan,nan
rule-hebb_bound-soft_lr_bas-0.032_theta_bas_0-12_theta_0-4_lr_ap-0.128_init_power-10,hebb,soft,0.032,0.128,0.256,0.048,0.256,4,12,True,0.0,thr,,30,203,random,10,1.0,0.1,1800,0,50,False,1.0,som,1.0,1.0,20.0,0.0,100.0,inf,1.0,2.0,1.5,0.5,0.5,0.15,0,5,nan,5,nan,nan,nan,0.02703740866854787,nan,0.4537551775574684,1.3874738141951742e-38,1.0,0.09514913412922583,0.045371346280889194,0.8691685396871238,0.8806647374108877,0.4,0.4,5.0,0.6,9.4,31.0,nan,nan
rule-hebb_bound-soft_lr_bas-0.032_theta_bas_0-12_theta_0-4_lr_ap-0.128_init_power-12,hebb,soft,0.032,0.128,0.256,0.048,0.256,4,12,True,0.0,thr,,30,203,random,12,1.0,0.1,1800,0,50,False,1.0,som,1.0,1.0,20.0,0.0,100.0,inf,1.0,2.0,1.5,0.5,0.5,0.15,0,5,nan,5,nan,nan,nan,0.021063567449649174,nan,0.7744778593381246,2.1019476964872256e-44,0.9999999602635702,0.09587553011409629,0.08831282872203366,0.8808544106416528,0.9021647112857143,0.8,0.6,11.6,2.0,12.6,41.8,nan,nan
rule-hebb_bound-soft_lr_bas-0.032_theta_bas_0-16_theta_0-1_lr_ap-0.064_init_power-10,hebb,soft,0.032,0.064,0.256,0.048,0.256,1,16,True,0.0,thr,,30,203,random,10,1.0,0.1,1800,0,50,False,1.0,som,1.0,1.0,20.0,0.0,100.0,inf,1.0,2.0,1.5,0.5,0.5,0.15,0,3,737.0,4,nan,nan,0.728,0.027562974765896798,nan,0.2652599409222603,2.847048918534946e-40,0.999999749660492,0.09511884683813797,0.0344588430263729,0.8691777818059092,0.8588986789881281,0.4,0.4,5.0,0.0,6.0,19.6,0.04621080681681633,0.6228852942585945
rule-hebb_bound-soft_lr_bas-0.032_theta_bas_0-16_theta_0-1_lr_ap-0.064_init_power-12,hebb,soft,0.032,0.064,0.256,0.048,0.256,1,16,True,0.0,thr,,30,203,random,12,1.0,0.1,1800,0,50,False,1.0,som,1.0,1.0,20.0,0.0,100.0,inf,1.0,2.0,1.5,0.5,0.5,0.15,0,5,nan,5,nan,nan,nan,0.024576995894312857,nan,0.5071396231651306,1.0369608636003647e-44,0.9999999642372132,0.09584766329840502,0.07014906363780923,0.8808620412845002,0.8856047495110093,0.8,0.6,11.6,0.4,11.0,43.0,nan,nan
rule-hebb_bound-soft_lr_bas-0.032_theta_bas_0-16_theta_0-1_lr_ap-0.128_init_power-10,hebb,soft,0.032,0.128,0.256,0.048,0.256,1,16,True,0.0,thr,,30,203,random,10,1.0,0.1,1800,0,50,False,1.0,som,1.0,1.0,20.0,0.0,100.0,inf,1.0,2.0,1.5,0.5,0.5,0.15,0,4,nan,5,nan,nan,0.4657,0.025385915115475655,nan,0.3562241345643997,1.0503085958106592e-38,0.999999749660492,0.09511884683813797,0.05337793704214935,0.8691777818059092,0.8723612842661927,0.4,0.4,5.0,0.0,9.0,19.8,0.014709883369505405,0.415854275226593
rule-hebb_bound-soft_lr_bas-0.032_theta_bas_0-16_theta_0-1_lr_ap-0.128_init_power-12,hebb,soft,0.032,0.128,0.256,0.048,0.256,1,16,True,0.0,thr,,30,203,random,12,1.0,0.1,1800,0,50,False,1.0,som,1.0,1.0,20.0,0.0,100.0,inf,1.0,2.0,1.5,0.5,0.5,0.15,0,5,nan,5,nan,nan,nan,0.02148372493684292,nan,0.621948778629303,1.0509738482436128e-45,0.9999998509883881,0.09584766329840502,0.08618670155508379,0.8808620412845002,0.8868272678029059,0.8,0.6,11.6,0.6,13.2,45.4,nan,nan
rule-hebb_bound-soft_lr_bas-0.032_theta_bas_0-16_theta_0-4_lr_ap-0.064_init_power-10,hebb,soft,0.032,0.064,0.256,0.048,0.256,4,16,True,0.0,thr,,30,203,random,10,1.0,0.1,1800,0,50,False,1.0,som,1.0,1.0,20.0,0.0,100.0,inf,1.0,2.0,1.5,0.5,0.5,0.15,0,1,967.3333333333334,2,nan,nan,0.8141624999999999,0.028699423000216485,nan,0.1538727104663849,9.725011342414231e-44,0.9999996781349182,0.09511884683813797,0.010751618992194576,0.8691777818059092,0.8410684757114938,0.4,0.4,5.0,0.0,2.8,12.8,0.007875124836573377,0.7532582571730018
rule-hebb_bound-soft_lr_bas-0.032_theta_bas_0-16_theta_0-4_lr_ap-0.064_init_power-12,hebb,soft,0.032,0.064,0.256,0.048,0.256,4,16,True,0.0,thr,,30,203,random,12,1.0,0.1,1800,0,50,False,1.0,som,1.0,1.0,20.0,0.0,100.0,inf,1.0,2.0,1.5,0.5,0.5,0.15,0,2,631.6666666666666,2,nan,nan,0.9951,0.02785411663353443,nan,0.2804485589265823,7.286752014489049e-45,0.9999999880790711,0.09584766329840502,0.03082966126935665,0.8808620412845002,0.8405264695370107,0.8,0.6,11.6,0.0,5.6,27.0,0.014949843287467957,1.0
rule-hebb_bound-soft_lr_bas-0.032_theta_bas_0-16_theta_0-4_lr_ap-0.128_init_power-10,hebb,soft,0.032,0.128,0.256,0.048,0.256,4,16,True,0.0,thr,,30,203,random,10,1.0,0.1,1800,0,50,False,1.0,som,1.0,1.0,20.0,0.0,100.0,inf,1.0,2.0,1.5,0.5,0.5,0.15,0,1,957.3333333333334,2,nan,nan,0.7961500000000001,0.028690235689282417,nan,0.1461177572607994,8.211609000943428e-44,0.9999996662139893,0.09511884683813797,0.008787443812338907,0.8691777818059092,0.8391233021330452,0.4,0.4,5.0,0.0,2.2,12.8,0.0037188821870586253,0.7503554012509994
rule-hebb_bound-soft_lr_bas-0.032_theta_bas_0-16_theta_0-4_lr_ap-0.128_init_power-12,hebb,soft,0.032,0.128,0.256,0.048,0.256,4,16,True,0.0,thr,,30,203,random,12,1.0,0.1,1800,0,50,False,1.0,som,1.0,1.0,20.0,0.0,100.0,inf,1.0,2.0,1.5,0.5,0.5,0.15,0,1,569.0,1,nan,nan,0.996325,0.0279552835971117,nan,0.2705709755420685,7.286752014489049e-45,0.9999999761581421,0.09584766329840502,0.029769748073652597,0.8808620412845002,0.8297194366499372,0.8,0.6,11.6,0.0,5.8,25.6,0.01847981638275087,1.0
rule-hebb_bound-soft_lr_bas-0.032_theta_bas_0-20_theta_0-1_lr_ap-0.064_init_power-10,hebb,soft,0.032,0.064,0.256,0.048,0.256,1,20,True,0.0,thr,,30,203,random,10,1.0,0.1,1800,0,50,False,1.0,som,1.0,1.0,20.0,0.0,100.0,inf,1.0,2.0,1.5,0.5,0.5,0.15,0,0,853.3333333333334,2,nan,nan,0.7716200000000001,0.028970246389508247,nan,0.0790555089712143,2.6904930515036487e-44,0.9996838331222534,0.0950884488514507,0.006036870807266132,0.8691864614823979,0.7480076938893103,0.4,0.4,4.8,0.0,1.6,5.6,0.03128682523965835,0.6430018842220306
rule-hebb_bound-soft_lr_bas-0.032_theta_bas_0-20_theta_0-1_lr_ap-0.064_init_power-12,hebb,soft,0.032,0.064,0.256,0.048,0.256,1,20,True,0.0,thr,,30,203,random,12,1.0,0.1,1800,0,50,False,1.0,som,1.0,1.0,20.0,0.0,100.0,inf,1.0,2.0,1.5,0.5,0.5,0.15,0,1,514.5,3,nan,nan,0.7405375000000001,0.028064205870032312,nan,0.16731813848018645,5.885453550164232e-45,0.9999953508377075,0.0958196976871774,0.022319196117970445,0.8808691932443118,0.758780611936466,0.8,0.6,11.2,0.0,4.0,16.2,0.0460110567510128,0.5641803368926048
rule-hebb_bound-soft_lr_bas-0.032_theta_bas_0-20_theta_0-1_lr_ap-0.128_init_power-10,hebb,soft,0.032,0.128,0.256,0.048,0.256,1,20,True,0.0,thr,,30,203,random,10,1.0,0.1,1800,0,50,False,1.0,som,1.0,1.0,20.0,0.0,100.0,inf,1.0,2.0,1.5,0.5,0.5,0.15,0,1,1023.0,3,nan,nan,0.7211125,0.028901721350848675,nan,0.07512506004422903,2.7675644670415137e-44,0.9995611757040024,0.0950884488514507,0.003519006869833621,0.8691864614823979,0.7543309454537739,0.4,0.4,4.8,0.0,2.8,7.8,0.020164364483207464,0.549721471965313
rule-hebb_bound-soft_lr_bas-0.032_theta_bas_0-20_theta_0-1_lr_ap-0.128_init_power-12,hebb,soft,0.032,0.128,0.256,0.048,0.256,1,20,True,0.0,thr,,30,203,random,12,1.0,0.1,1800,0,50,False,1.0,som,1.0,1.0,20.0,0.0,100.0,inf,1.0,2.0,1.5,0.5,0.5,0.15,0,3,nan,5,nan,nan,0.528575,0.027160496264696122,nan,0.2395934656262398,5.885453550164232e-45,0.9999986886978149,0.0958196976871774,0.03514547033455281,0.8808691932443118,0.7992644481401925,0.8,0.6,11.2,0.0,6.2,19.4,0.025733834598213434,0.5359346717596054
rule-hebb_bound-soft_lr_bas-0.032_theta_bas_0-20_theta_0-4_lr_ap-0.064_init_power-10,hebb,soft,0.032,0.064,0.256,0.048,0.256,4,20,True,0.0,thr,,30,203,random,10,1.0,0.1,1800,0,50,False,1.0,som,1.0,1.0,20.0,0.0,100.0,inf,1.0,2.0,1.5,0.5,0.5,0.15,0,0,962.6666666666666,2,nan,nan,0.7723099999999999,0.028875948488712312,nan,0.07145745754241943,2.6904930515036487e-44,0.9991499900817871,0.0950884488514507,0.0037961362055171114,0.8691864614823979,0.7474913508948156,0.4,0.4,4.8,0.0,1.0,5.2,0.005397811683360487,0.6068776348605752
rule-hebb_bound-soft_lr_bas-0.032_theta_bas_0-20_theta_0-4_lr_ap-0.064_init_power-12,hebb,soft,0.032,0.064,0.256,0.048,0.256,4,20,True,0.0,thr,,30,203,random,12,1.0,0.1,1800,0,50,False,1.0,som,1.0,1.0,20.0,0.0,100.0,inf,1.0,2.0,1.5,0.5,0.5,0.15,0,0,849.6666666666666,2,nan,nan,0.77365,0.028770305588841437,nan,0.1092346414923668,5.885453550164232e-45,0.9999941706657409,0.0958196976871774,0.0046818038869260595,0.8808691932443118,0.7171905499792215,0.8,0.6,11.2,0.0,1.2,12.2,0.006506941560655832,0.6106846855953336
rule-hebb_bound-soft_lr_bas-0.032_theta_bas_0-20_theta_0-4_lr_ap-0.128_init_power-10,hebb,soft,0.032,0.128,0.256,0.048,0.256,4,20,True,0.0,thr,,30,203,random,10,1.0,0.1,1800,0,50,False,1.0,som,1.0,1.0,20.0,0.0,100.0,inf,1.0,2.0,1.5,0.5,0.5,0.15,0,0,934.3333333333334,2,nan,nan,0.7735299999999999,0.028881519660353662,nan,0.07079136669635773,2.6904930515036487e-44,0.9986413836479187,0.0950884488514507,0.0037755411941727476,0.8691864614823979,0.7472908312460944,0.4,0.4,4.8,0.0,1.0,5.0,0.004948551331472118,0.600861658132635
rule-hebb_bound-soft_lr_bas-0.032_theta_bas_0-20_theta_0-4_lr_ap-0.128_init_power-12,hebb,soft,0.032,0.128,0.256,0.048,0.256,4,20,True,0.0,thr,,30,203,random,12,1.0,0.1,1800,0,50,False,1.0,som,1.0,1.0,20.0,0.0,100.0,inf,1.0,2.0,1.5,0.5,0.5,0.15,0,0,825.6666666666666,2,nan,nan,0.77503,0.028788686171174048,nan,0.10922938585281372,5.885453550164232e-45,0.9999939322471618,0.0958196976871774,0.005068149556542809,0.8808691932443118,0.7169788538432779,0.8,0.6,11.2,0.0,1.4,12.0,0.006940142181701958,0.6021921465173363
rule-hebb_bound-soft_lr_bas-0.064_theta_bas_0-12_theta_0-1_lr_ap-0.064_init_power-10,hebb,soft,0.064,0.064,0.256,0.048,0.256,1,12,True,0.0,thr,,30,203,random,10,1.0,0.1,1800,0,50,False,1.0,som,1.0,1.0,20.0,0.0,100.0,inf,1.0,2.0,1.5,0.5,0.5,0.15,0,5,nan,5,nan,nan,nan,0.02748284414410591,nan,0.6925822973251343,1.9229149180102505e-38,1.0,0.095129324266891,0.07577160801381623,0.8692459762446362,0.8876450306941608,0.4,0.4,5.0,1.0,13.0,60.4,nan,nan
rule-hebb_bound-soft_lr_bas-0.064_theta_bas_0-12_theta_0-1_lr_ap-0.064_init_power-12,hebb,soft,0.064,0.064,0.256,0.048,0.256,1,12,True,0.0,thr,,30,203,random,12,1.0,0.1,1800,0,50,False,1.0,som,1.0,1.0,20.0,0.0,100.0,inf,1.0,2.0,1.5,0.5,0.5,0.15,0,5,nan,5,nan,nan,nan,0.02674776576459408,nan,0.9305472731590271,8.127531093083939e-45,1.0,0.09586507291193866,0.09158128034269462,0.8809202920546035,0.8947549361638563,0.8,0.6,11.6,1.8,16.4,87.6,nan,nan
rule-hebb_bound-soft_lr_bas-0.064_theta_bas_0-12_theta_0-1_lr_ap-0.128_init_power-10,hebb,soft,0.064,0.128,0.256,0.048,0.256,1,12,True,0.0,thr,,30,203,random,10,1.0,0.1,1800,0,50,False,1.0,som,1.0,1.0,20.0,0.0,100.0,inf,1.0,2.0,1.5,0.5,0.5,0.15,0,5,nan,5,nan,nan,nan,0.02660604938864708,nan,0.7870639562606812,3.34956340404812e-38,1.0,0.095129324266891,0.08407859948819663,0.8692459762446362,0.8876599694118136,0.4,0.4,5.0,1.2,14.6,65.8,nan,nan
rule-hebb_bound-soft_lr_bas-0.064_theta_bas_0-12_theta_0-1_lr_ap-0.128_init_power-12,hebb,soft,0.064,0.128,0.256,0.048,0.256,1,12,True,0.0,thr,,30,203,random,12,1.0,0.1,1800,0,50,False,1.0,som,1.0,1.0,20.0,0.0,100.0,inf,1.0,2.0,1.5,0.5,0.5,0.15,0,5,nan,5,nan,nan,nan,0.025923822820186616,nan,1.0016355514526367,7.847271400218975e-45,1.0,0.09586507291193866,0.09448820891862586,0.8809202920546035,0.8942071807928613,0.8,0.6,11.6,1.8,17.0,91.2,nan,nan
rule-hebb_bound-soft_lr_bas-0.064_theta_bas_0-12_theta_0-4_lr_ap-0.064_init_power-10,hebb,soft,0.064,0.064,0.256,0.048,0.256,4,12,True,0.0,thr,,30,203,random,10,1.0,0.1,1800,0,50,False,1.0,som,1.0,1.0,20.0,0.0,100.0,inf,1.0,2.0,1.5,0.5,0.5,0.15,0,4,385.0,4,nan,nan,0.9933000000000001,0.03028711738685767,nan,0.4644692738850911,1.5328169580144324e-38,1.0,0.095129324266891,0.04148045033791741,0.8692459762446362,0.8004235657574396,0.4,0.4,5.0,0.8,9.4,39.2,0.029702717438340187,1.0
rule-hebb_bound-soft_lr_bas-0.064_theta_bas_0-12_theta_0-4_lr_ap-0.064_init_power-12,hebb,soft,0.064,0.064,0.256,0.048,0.256,4,12,True,0.0,thr,,30,203,random,12,1.0,0.1,1800,0,50,False,1.0,som,1.0,1.0,20.0,0.0,100.0,inf,1.0,2.0,1.5,0.5,0.5,0.15,0,5,nan,5,nan,nan,nan,0.02796493172645569,nan,0.778872036933899,7.006492321624085e-45,1.0,0.09586507291193866,0.07736370730451606,0.8809202920546035,0.8917698204599752,0.8,0.6,11.6,1.2,14.2,73.2,nan,nan
rule-hebb_bound-soft_lr_bas-0.064_theta_bas_0-12_theta_0-4_lr_ap-0.128_init_power-10,hebb,soft,0.064,0.128,0.256,0.048,0.256,4,12,True,0.0,thr,,30,203,random,10,1.0,0.1,1800,0,50,False,1.0,som,1.0,1.0,20.0,0.0,100.0,inf,1.0,2.0,1.5,0.5,0.5,0.15,0,4,386.0,4,nan,nan,0.9746000000000002,0.02966721309348941,nan,0.4338652938604355,2.4092724182167746e-39,1.0,0.095129324266891,0.03555307800426014,0.8692459762446362,0.8233744080308227,0.4,0.4,5.0,0.6,9.4,35.4,0.029567068442702293,1.0
rule-hebb_bound-soft_lr_bas-0.064_theta_bas_0-12_theta_0-4_lr_ap-0.128_init_power-12,hebb,soft,0.064,0.128,0.256,0.048,0.256,4,12,True,0.0,thr,,30,203,random,12,1.0,0.1,1800,0,50,False,1.0,som,1.0,1.0,20.0,0.0,100.0,inf,1.0,2.0,1.5,0.5,0.5,0.15,0,5,nan,5,nan,nan,nan,0.02698213793337345,nan,0.7335647940635681,8.758115402030107e-45,1.0,0.09586507291193866,0.07533776564186812,0.8809202920546035,0.8975278035240883,0.8,0.6,11.6,1.2,14.4,51.8,nan,nan
rule-hebb_bound-soft_lr_bas-0.064_theta_bas_0-16_theta_0-1_lr_ap-0.064_init_power-10,hebb,soft,0.064,0.064,0.256,0.048,0.256,1,16,True,0.0,thr,,30,203,random,10,1.0,0.1,1800,0,50,False,1.0,som,1.0,1.0,20.0,0.0,100.0,inf,1.0,2.0,1.5,0.5,0.5,0.15,0,1,744.0,2,nan,nan,0.8426125,0.029795102775096893,nan,0.16496853679418563,5.885453550164232e-44,0.9999998807907104,0.09506844794829862,0.0116396995422027,0.8692615022470207,0.4407936368558774,0.4,0.4,5.0,0.0,3.0,19.0,0.0481547019444406,0.8161775544285774
rule-hebb_bound-soft_lr_bas-0.064_theta_bas_0-16_theta_0-1_lr_ap-0.064_init_power-12,hebb,soft,0.064,0.064,0.256,0.048,0.256,1,16,True,0.0,thr,,30,203,random,12,1.0,0.1,1800,0,50,False,1.0,som,1.0,1.0,20.0,0.0,100.0,inf,1.0,2.0,1.5,0.5,0.5,0.15,0,2,430.6666666666667,2,nan,nan,1.0,0.029590002447366714,nan,0.30296643972396853,3.363116314379561e-45,1.0,0.09580912240920497,0.02993971910512442,0.8809329853710108,0.5449269658136738,0.8,0.6,11.4,0.0,6.6,35.0,0.08104099084933598,1.0
rule-hebb_bound-soft_lr_bas-0.064_theta_bas_0-16_theta_0-1_lr_ap-0.128_init_power-10,hebb,soft,0.064,0.128,0.256,0.048,0.256,1,16,True,0.0,thr,,30,203,random,10,1.0,0.1,1800,0,50,False,1.0,som,1.0,1.0,20.0,0.0,100.0,inf,1.0,2.0,1.5,0.5,0.5,0.15,0,1,657.6666666666666,2,nan,nan,0.8457625,0.029736530780792237,nan,0.18993812501430513,1.4797711783270067e-43,0.9999998927116394,0.09506844794829862,0.01615215051498068,0.8692615022470207,0.44249266894516837,0.4,0.4,5.0,0.0,3.4,21.2,0.045120639028027654,0.8680207058787346
rule-hebb_bound-soft_lr_bas-0.064_theta_bas_0-16_theta_0-1_lr_ap-0.128_init_power-12,hebb,soft,0.064,0.128,0.256,0.048,0.256,1,16,True,0.0,thr,,30,203,random,12,1.0,0.1,1800,0,50,False,1.0,som,1.0,1.0,20.0,0.0,100.0,inf,1.0,2.0,1.5,0.5,0.5,0.15,0,4,471.0,4,nan,nan,1.0,0.028744904324412346,nan,0.3781601220369339,3.9236357001094875e-45,1.0,0.09580912240920497,0.04077652007103024,0.8809329853710108,0.7388965309475732,0.8,0.6,11.4,0.0,8.6,38.6,0.09114233404397964,1.0
rule-hebb_bound-soft_lr_bas-0.064_theta_bas_0-16_theta_0-4_lr_ap-0.064_init_power-10,hebb,soft,0.064,0.064,0.256,0.048,0.256,4,16,True,0.0,thr,,30,203,random,10,1.0,0.1,1800,0,50,False,1.0,som,1.0,1.0,20.0,0.0,100.0,inf,1.0,2.0,1.5,0.5,0.5,0.15,0,0,742.0,1,nan,nan,0.8665500000000002,0.02992777116596699,nan,0.12111055701971055,1.4293244336113133e-44,0.9999998688697815,0.09506844794829862,0.005922163270265751,0.8692615022470207,0.3210771601241612,0.4,0.4,5.0,0.0,1.8,15.0,0.009269490535371006,0.8027839068323374
rule-hebb_bound-soft_lr_bas-0.064_theta_bas_0-16_theta_0-4_lr_ap-0.064_init_power-12,hebb,soft,0.064,0.064,0.256,0.048,0.256,4,16,True,0.0,thr,,30,203,random,12,1.0,0.1,1800,0,50,False,1.0,som,1.0,1.0,20.0,0.0,100.0,inf,1.0,2.0,1.5,0.5,0.5,0.15,0,1,494.5,1,nan,nan,0.9879,0.02971648462116718,nan,0.24073202311992645,3.363116314379561e-45,1.0,0.09580912240920497,0.018525647827480014,0.8809329853710108,0.43220942693060815,0.8,0.6,11.4,0.0,4.2,29.6,0.015075007919222116,1.0
rule-hebb_bound-soft_lr_bas-0.064_theta_bas_0-16_theta_0-4_lr_ap-0.128_init_power-10,hebb,soft,0.064,0.128,0.256,0.048,0.256,4,16,True,0.0,thr,,30,203,random,10,1.0,0.1,1800,0,50,False,1.0,som,1.0,1.0,20.0,0.0,100.0,inf,1.0,2.0,1.5,0.5,0.5,0.15,0,0,923.5,1,nan,nan,0.8553000000000001,0.029894138127565383,nan,0.11615975946187973,1.4293244336113133e-44,0.9999998688697815,0.09506844794829862,0.003969655773296011,0.8692615022470207,0.32017061977462685,0.4,0.4,5.0,0.0,1.2,15.0,0.0059380531598435485,0.8003172882832587
rule-hebb_bound-soft_lr_bas-0.064_theta_bas_0-16_theta_0-4_lr_ap-0.128_init_power-12,hebb,soft,0.064,0.128,0.256,0.048,0.256,4,16,True,0.0,thr,,30,203,random,12,1.0,0.1,1800,0,50,False,1.0,som,1.0,1.0,20.0,0.0,100.0,inf,1.0,2.0,1.5,0.5,0.5,0.15,0,1,497.25,1,nan,nan,0.9884875000000001,0.029710036143660544,nan,0.2367389291524887,3.363116314379561e-45,1.0,0.09580912240920497,0.01747970710048559,0.8809329853710108,0.43163483940589564,0.8,0.6,11.4,0.0,4.0,28.2,0.014802894555032253,1.0
rule-hebb_bound-soft_lr_bas-0.064_theta_bas_0-20_theta_0-1_lr_ap-0.064_init_power-10,hebb,soft,0.064,0.064,0.256,0.048,0.256,1,20,True,0.0,thr,,30,203,random,10,1.0,0.1,1800,0,50,False,1.0,som,1.0,1.0,20.0,0.0,100.0,inf,1.0,2.0,1.5,0.5,0.5,0.15,0,0,842.6666666666666,2,nan,nan,0.77431,0.02953842356801033,nan,0.0554267056286335,1.14906474074635e-44,0.999999737739563,0.09500712214947378,0.00355364835803521,0.8692746896979819,0.11073574408774345,0.4,0.4,4.6,0.0,0.8,6.6,0.025165903195738793,0.6493223786354065
rule-hebb_bound-soft_lr_bas-0.064_theta_bas_0-20_theta_0-1_lr_ap-0.064_init_power-12,hebb,soft,0.064,0.064,0.256,0.048,0.256,1,20,True,0.0,thr,,30,203,random,12,1.0,0.1,1800,0,50,False,1.0,som,1.0,1.0,20.0,0.0,100.0,inf,1.0,2.0,1.5,0.5,0.5,0.15,0,0,790.6666666666666,2,nan,nan,0.77534,0.029642606526613234,nan,0.09927649646997452,2.802596928649634e-45,0.9999997615814209,0.09575277127008212,0.0035512533284163214,0.8809436832280481,0.13426960008772404,0.8,0.6,11.2,0.0,1.0,14.2,0.03236851133406162,0.6630154207348824
rule-hebb_bound-soft_lr_bas-0.064_theta_bas_0-20_theta_0-1_lr_ap-0.128_init_power-10,hebb,soft,0.064,0.128,0.256,0.048,0.256,1,20,True,0.0,thr,,30,203,random,10,1.0,0.1,1800,0,50,False,1.0,som,1.0,1.0,20.0,0.0,100.0,inf,1.0,2.0,1.5,0.5,0.5,0.15,0,0,805.6666666666666,2,nan,nan,0.77417,0.029592398181557657,nan,0.05856277123093605,1.14906474074635e-44,0.999999737739563,0.09500712214947378,0.003609647730218383,0.8692746896979819,0.11053978869757478,0.4,0.4,4.6,0.0,1.0,6.4,0.015152189135551452,0.6517305292189122
rule-hebb_bound-soft_lr_bas-0.064_theta_bas_0-20_theta_0-1_lr_ap-0.128_init_power-12,hebb,soft,0.064,0.128,0.256,0.048,0.256,1,20,True,0.0,thr,,30,203,random,12,1.0,0.1,1800,0,50,False,1.0,som,1.0,1.0,20.0,0.0,100.0,inf,1.0,2.0,1.5,0.5,0.5,0.15,0,1,522.0,3,nan,nan,0.7335624999999999,0.029775691404938697,nan,0.11164109408855438,2.802596928649634e-45,0.9999997615814209,0.09575277127008212,0.008008632488385892,0.8809436832280481,0.1608539407155089,0.8,0.6,11.2,0.0,2.2,14.4,0.02829268970526755,0.6142368875443935
rule-hebb_bound-soft_lr_bas-0.064_theta_bas_0-20_theta_0-4_lr_ap-0.064_init_power-10,hebb,soft,0.064,0.064,0.256,0.048,0.256,4,20,True,0.0,thr,,30,203,random,10,1.0,0.1,1800,0,50,False,1.0,som,1.0,1.0,20.0,0.0,100.0,inf,1.0,2.0,1.5,0.5,0.5,0.15,0,0,911.0,2,nan,nan,0.77427,0.02952968142926693,nan,0.05363045409321785,1.14906474074635e-44,0.9999996900558472,0.09500712214947378,0.0035712727488190024,0.8692746896979819,0.1098201097109232,0.4,0.4,4.6,0.0,0.8,6.4,0.0043735629762522875,0.6078108923509717
rule-hebb_bound-soft_lr_bas-0.064_theta_bas_0-20_theta_0-4_lr_ap-0.064_init_power-12,hebb,soft,0.064,0.064,0.256,0.048,0.256,4,20,True,0.0,thr,,30,203,random,12,1.0,0.1,1800,0,50,False,1.0,som,1.0,1.0,20.0,0.0,100.0,inf,1.0,2.0,1.5,0.5,0.5,0.15,0,0,819.6666666666666,2,nan,nan,0.77599,0.02960560582578182,nan,0.09732137471437455,2.802596928649634e-45,0.999999737739563,0.09575277127008212,0.00359821793157997,0.8809436832280481,0.13042884779384653,0.8,0.6,11.2,0.0,1.0,14.0,0.005486510065384209,0.6120742717757821
rule-hebb_bound-soft_lr_bas-0.064_theta_bas_0-20_theta_0-4_lr_ap-0.128_init_power-10,hebb,soft,0.064,0.128,0.256,0.048,0.256,4,20,True,0.0,thr,,30,203,random,10,1.0,0.1,1800,0,50,False,1.0,som,1.0,1.0,20.0,0.0,100.0,inf,1.0,2.0,1.5,0.5,0.5,0.15,0,0,894.3333333333334,2,nan,nan,0.77427,0.029525966197252274,nan,0.05337460897862911,1.14906474074635e-44,0.9999996900558472,0.09500712214947378,0.003556155418988162,0.8692746896979819,0.10956988272386423,0.4,0.4,4.6,0.0,0.8,6.4,0.003964172797350329,0.601200052141212
rule-hebb_bound-soft_lr_bas-0.064_theta_bas_0-20_theta_0-4_lr_ap-0.128_init_power-12,hebb,soft,0.064,0.128,0.256,0.048,0.256,4,20,True,0.0,thr,,30,203,random,12,1.0,0.1,1800,0,50,False,1.0,som,1.0,1.0,20.0,0.0,100.0,inf,1.0,2.0,1.5,0.5,0.5,0.15,0,0,803.0,2,nan,nan,0.7770599999999999,0.02960832417011261,nan,0.09610594063997269,2.802596928649634e-45,0.999999725818634,0.09575277127008212,0.0035701639284770543,0.8809436832280481,0.13006769070978763,0.8,0.6,11.2,0.0,1.0,13.6,0.00497988892311696,0.6030612362548708
rule-hebb_bound-soft_lr_bas-0.128_theta_bas_0-12_theta_0-1_lr_ap-0.064_init_power-10,hebb,soft,0.128,0.064,0.256,0.048,0.256,1,12,True,0.0,thr,,30,203,random,10,1.0,0.1,1800,0,50,False,1.0,som,1.0,1.0,20.0,0.0,100.0,inf,1.0,2.0,1.5,0.5,0.5,0.15,0,5,nan,5,nan,nan,nan,0.031863491237163546,nan,0.6107537686824799,4.399242004095188e-40,1.0,0.09508931401061094,0.046077852765158356,0.8693912101811847,0.8733715122134393,0.4,0.4,5.0,0.8,10.0,60.8,nan,nan
rule-hebb_bound-soft_lr_bas-0.128_theta_bas_0-12_theta_0-1_lr_ap-0.064_init_power-12,hebb,soft,0.128,0.064,0.256,0.048,0.256,1,12,True,0.0,thr,,30,203,random,12,1.0,0.1,1800,0,50,False,1.0,som,1.0,1.0,20.0,0.0,100.0,inf,1.0,2.0,1.5,0.5,0.5,0.15,0,5,nan,5,nan,nan,nan,0.03182969093322754,nan,0.860480272769928,3.9236357001094875e-45,1.0,0.09584388530906005,0.07169164154470525,0.8810433598489903,0.8894138769537007,0.8,0.6,12.2,1.2,15.4,87.6,nan,nan
rule-hebb_bound-soft_lr_bas-0.128_theta_bas_0-12_theta_0-1_lr_ap-0.128_init_power-10,hebb,soft,0.128,0.128,0.256,0.048,0.256,1,12,True,0.0,thr,,30,203,random,10,1.0,0.1,1800,0,50,False,1.0,som,1.0,1.0,20.0,0.0,100.0,inf,1.0,2.0,1.5,0.5,0.5,0.15,0,5,nan,5,nan,nan,nan,0.032017963007092476,nan,0.6922896862030029,3.3210126204607644e-39,1.0,0.09508931401061094,0.057102958402637696,0.8693912101811847,0.8794666242674192,0.4,0.4,5.0,0.8,12.8,65.4,nan,nan
rule-hebb_bound-soft_lr_bas-0.128_theta_bas_0-12_theta_0-1_lr_ap-0.128_init_power-12,hebb,soft,0.128,0.128,0.256,0.048,0.256,1,12,True,0.0,thr,,30,203,random,12,1.0,0.1,1800,0,50,False,1.0,som,1.0,1.0,20.0,0.0,100.0,inf,1.0,2.0,1.5,0.5,0.5,0.15,0,5,nan,5,nan,nan,nan,0.031688474118709564,nan,0.9784158587455749,3.9236357001094875e-45,1.0,0.09584388530906005,0.07944122240824185,0.8810433598489903,0.8945142969449466,0.8,0.6,12.2,1.4,16.8,93.8,nan,nan
rule-hebb_bound-soft_lr_bas-0.128_theta_bas_0-12_theta_0-4_lr_ap-0.064_init_power-10,hebb,soft,0.128,0.064,0.256,0.048,0.256,4,12,True,0.0,thr,,30,203,random,10,1.0,0.1,1800,0,50,False,1.0,som,1.0,1.0,20.0,0.0,100.0,inf,1.0,2.0,1.5,0.5,0.5,0.15,0,4,331.0,4,nan,nan,0.9964,0.031977137085050344,nan,0.4638967365026474,1.0908057570920457e-41,1.0,0.09508931401061094,0.034108049396459145,0.8693912101811847,0.664307900529158,0.4,0.4,5.0,0.8,8.2,41.0,0.029817290604114532,1.0
rule-hebb_bound-soft_lr_bas-0.128_theta_bas_0-12_theta_0-4_lr_ap-0.064_init_power-12,hebb,soft,0.128,0.064,0.256,0.048,0.256,4,12,True,0.0,thr,,30,203,random,12,1.0,0.1,1800,0,50,False,1.0,som,1.0,1.0,20.0,0.0,100.0,inf,1.0,2.0,1.5,0.5,0.5,0.15,0,5,nan,5,nan,nan,nan,0.031428327318280935,nan,0.7472844421863556,4.90454462513686e-45,1.0,0.09584388530906005,0.06265874362366936,0.8810433598489903,0.8894863246404908,0.8,0.6,12.2,1.2,13.4,69.4,nan,nan
rule-hebb_bound-soft_lr_bas-0.128_theta_bas_0-12_theta_0-4_lr_ap-0.128_init_power-10,hebb,soft,0.128,0.128,0.256,0.048,0.256,4,12,True,0.0,thr,,30,203,random,10,1.0,0.1,1800,0,50,False,1.0,som,1.0,1.0,20.0,0.0,100.0,inf,1.0,2.0,1.5,0.5,0.5,0.15,0,4,311.0,4,nan,nan,0.9990000000000001,0.03183676768094301,nan,0.4274432137608528,2.447928287329023e-41,1.0,0.09508931401061094,0.02460599631501594,0.8693912101811847,0.6698343500829086,0.4,0.4,5.0,0.6,8.4,40.2,0.029578721150755882,1.0
rule-hebb_bound-soft_lr_bas-0.128_theta_bas_0-12_theta_0-4_lr_ap-0.128_init_power-12,hebb,soft,0.128,0.128,0.256,0.048,0.256,4,12,True,0.0,thr,,30,203,random,12,1.0,0.1,1800,0,50,False,1.0,som,1.0,1.0,20.0,0.0,100.0,inf,1.0,2.0,1.5,0.5,0.5,0.15,0,5,nan,5,nan,nan,nan,0.03138238750398159,nan,0.6904778331518173,4.90454462513686e-45,1.0,0.09584388530906005,0.04937242213531321,0.8810433598489903,0.8849853378949519,0.8,0.6,12.2,1.0,14.2,64.8,nan,nan
rule-hebb_bound-soft_lr_bas-0.128_theta_bas_0-16_theta_0-1_lr_ap-0.064_init_power-10,hebb,soft,0.128,0.064,0.256,0.048,0.256,1,16,True,0.0,thr,,30,203,random,10,1.0,0.1,1800,0,50,False,1.0,som,1.0,1.0,20.0,0.0,100.0,inf,1.0,2.0,1.5,0.5,0.5,0.15,0,0,836.0,1,nan,nan,0.8585200000000001,0.030382291227579118,nan,0.11712212711572648,6.726232628759122e-45,0.9999999642372132,0.094966330025401,0.004499937433086618,0.8694096879152159,0.020506742117780204,0.4,0.4,4.8,0.0,1.4,17.0,0.04132844358682632,0.8539523363113404
rule-hebb_bound-soft_lr_bas-0.128_theta_bas_0-16_theta_0-1_lr_ap-0.064_init_power-12,hebb,soft,0.128,0.064,0.256,0.048,0.256,1,16,True,0.0,thr,,30,203,random,12,1.0,0.1,1800,0,50,False,1.0,som,1.0,1.0,20.0,0.0,100.0,inf,1.0,2.0,1.5,0.5,0.5,0.15,0,1,402.0,1,nan,nan,0.988425,0.030761049687862398,nan,0.23734866678714753,2.2420775429197074e-45,1.0,0.0957310984150674,0.01438362263658578,0.8810578005866849,0.1768038993584438,0.8,0.6,11.2,0.0,4.4,31.8,0.08578255213797092,1.0
rule-hebb_bound-soft_lr_bas-0.128_theta_bas_0-16_theta_0-1_lr_ap-0.128_init_power-10,hebb,soft,0.128,0.128,0.256,0.048,0.256,1,16,True,0.0,thr,,30,203,random,10,1.0,0.1,1800,0,50,False,1.0,som,1.0,1.0,20.0,0.0,100.0,inf,1.0,2.0,1.5,0.5,0.5,0.15,0,0,766.5,1,nan,nan,0.85911,0.03043631501495838,nan,0.1199023336172104,6.726232628759122e-45,0.9999999642372132,0.094966330025401,0.0052982070311146,0.8694096879152159,0.023824478503532778,0.4,0.4,4.8,0.0,1.8,16.8,0.03746606707572937,0.897672712802887
rule-hebb_bound-soft_lr_bas-0.128_theta_bas_0-16_theta_0-1_lr_ap-0.128_init_power-12,hebb,soft,0.128,0.128,0.256,0.048,0.256,1,16,True,0.0,thr,,30,203,random,12,1.0,0.1,1800,0,50,False,1.0,som,1.0,1.0,20.0,0.0,100.0,inf,1.0,2.0,1.5,0.5,0.5,0.15,0,1,362.0,1,nan,nan,0.9924125,0.031008124351501465,nan,0.2821382224559784,2.2420775429197074e-45,1.0,0.0957310984150674,0.018686088562623167,0.8810578005866849,0.21994325556860014,0.8,0.6,11.2,0.0,4.8,34.8,0.11077451147139072,1.0
rule-hebb_bound-soft_lr_bas-0.128_theta_bas_0-16_theta_0-4_lr_ap-0.064_init_power-10,hebb,soft,0.128,0.064,0.256,0.048,0.256,4,16,True,0.0,thr,,30,203,random,10,1.0,0.1,1800,0,50,False,1.0,som,1.0,1.0,20.0,0.0,100.0,inf,1.0,2.0,1.5,0.5,0.5,0.15,0,0,874.75,1,nan,nan,0.8556699999999999,0.03037245273590088,nan,0.11527369320392608,6.726232628759122e-45,0.9999999642372132,0.094966330025401,0.0040094083114908235,0.8694096879152159,0.013863119416291394,0.4,0.4,4.8,0.0,1.2,17.0,0.0063716726028360425,0.8028897941112518
rule-hebb_bound-soft_lr_bas-0.128_theta_bas_0-16_theta_0-4_lr_ap-0.064_init_power-12,hebb,soft,0.128,0.064,0.256,0.048,0.256,4,16,True,0.0,thr,,30,203,random,12,1.0,0.1,1800,0,50,False,1.0,som,1.0,1.0,20.0,0.0,100.0,inf,1.0,2.0,1.5,0.5,0.5,0.15,0,1,439.75,1,nan,nan,0.9878250000000001,0.030627086758613586,nan,0.2217358320951462,1.9618178500547438e-45,1.0,0.0957310984150674,0.013807592701476546,0.8810578005866849,0.14284466344518879,0.8,0.6,11.2,0.0,4.0,30.8,0.016523919068276882,1.0
rule-hebb_bound-soft_lr_bas-0.128_theta_bas_0-16_theta_0-4_lr_ap-0.128_init_power-10,hebb,soft,0.128,0.128,0.256,0.048,0.256,4,16,True,0.0,thr,,30,203,random,10,1.0,0.1,1800,0,50,False,1.0,som,1.0,1.0,20.0,0.0,100.0,inf,1.0,2.0,1.5,0.5,0.5,0.15,0,0,843.75,1,nan,nan,0.8601699999999999,0.03036118783056736,nan,0.11406025141477585,6.726232628759122e-45,0.9999999642372132,0.094966330025401,0.004007963108837291,0.8694096879152159,0.013611415169865965,0.4,0.4,4.8,0.0,1.2,16.8,0.005973675263157929,0.8003428844967857
rule-hebb_bound-soft_lr_bas-0.128_theta_bas_0-16_theta_0-4_lr_ap-0.128_init_power-12,hebb,soft,0.128,0.128,0.256,0.048,0.256,4,16,True,0.0,thr,,30,203,random,12,1.0,0.1,1800,0,50,False,1.0,som,1.0,1.0,20.0,0.0,100.0,inf,1.0,2.0,1.5,0.5,0.5,0.15,0,1,413.0,1,nan,nan,0.989075,0.03044211119413376,nan,0.22038716077804565,1.9618178500547438e-45,1.0,0.0957310984150674,0.013586386908050882,0.8810578005866849,0.17172642009186337,0.8,0.6,11.2,0.0,4.0,29.8,0.014843886019662023,1.0
rule-hebb_bound-soft_lr_bas-0.128_theta_bas_0-20_theta_0-1_lr_ap-0.064_init_power-10,hebb,soft,0.128,0.064,0.256,0.048,0.256,1,20,True,0.0,thr,,30,203,random,10,1.0,0.1,1800,0,50,False,1.0,som,1.0,1.0,20.0,0.0,100.0,inf,1.0,2.0,1.5,0.5,0.5,0.15,0,0,813.3333333333334,2,nan,nan,0.7758700000000001,0.029597456008195876,nan,0.049049916490912435,5.3249341644343046e-45,0.9999998927116394,0.09484150202453438,0.0034950618886148157,0.8694180267465643,0.006555035799437144,0.4,0.4,4.6,0.0,0.8,7.2,0.024556234106421472,0.6543184995651246
rule-hebb_bound-soft_lr_bas-0.128_theta_bas_0-20_theta_0-1_lr_ap-0.064_init_power-12,hebb,soft,0.128,0.064,0.256,0.048,0.256,1,20,True,0.0,thr,,30,203,random,12,1.0,0.1,1800,0,50,False,1.0,som,1.0,1.0,20.0,0.0,100.0,inf,1.0,2.0,1.5,0.5,0.5,0.15,0,0,790.0,2,nan,nan,0.77845,0.029747895896434784,nan,0.09036008566617966,1.6815581571897804e-45,0.9999999284744263,0.09561667339461279,0.0034476673655002925,0.8810635608035572,0.009713885923057202,0.8,0.6,10.8,0.0,0.8,14.6,0.029703482612967493,0.6735891774296761
rule-hebb_bound-soft_lr_bas-0.128_theta_bas_0-20_theta_0-1_lr_ap-0.128_init_power-10,hebb,soft,0.128,0.128,0.256,0.048,0.256,1,20,True,0.0,thr,,30,203,random,10,1.0,0.1,1800,0,50,False,1.0,som,1.0,1.0,20.0,0.0,100.0,inf,1.0,2.0,1.5,0.5,0.5,0.15,0,0,798.0,2,nan,nan,0.77513,0.02959413081407547,nan,0.04933080077171326,5.3249341644343046e-45,0.9999998927116394,0.09484150202453438,0.0034855345218572286,0.8694180267465643,0.006556608250856637,0.4,0.4,4.6,0.0,0.8,7.2,0.014133609272539616,0.6632055282592774
rule-hebb_bound-soft_lr_bas-0.128_theta_bas_0-20_theta_0-1_lr_ap-0.128_init_power-12,hebb,soft,0.128,0.128,0.256,0.048,0.256,1,20,True,0.0,thr,,30,203,random,12,1.0,0.1,1800,0,50,False,1.0,som,1.0,1.0,20.0,0.0,100.0,inf,1.0,2.0,1.5,0.5,0.5,0.15,0,0,752.3333333333334,2,nan,nan,0.7763399999999999,0.029742198437452315,nan,0.09015372842550277,1.6815581571897804e-45,0.9999999284744263,0.09561667339461279,0.003449629027317351,0.8810635608035572,0.011135776770820598,0.8,0.6,10.8,0.0,0.8,14.6,0.020789944007992743,0.7205727756023407
rule-hebb_bound-soft_lr_bas-0.128_theta_bas_0-20_theta_0-4_lr_ap-0.064_init_power-10,hebb,soft,0.128,0.064,0.256,0.048,0.256,4,20,True,0.0,thr,,30,203,random,10,1.0,0.1,1800,0,50,False,1.0,som,1.0,1.0,20.0,0.0,100.0,inf,1.0,2.0,1.5,0.5,0.5,0.15,0,0,856.3333333333334,2,nan,nan,0.77563,0.02959744557738304,nan,0.048465694114565847,5.3249341644343046e-45,0.9999998927116394,0.09484150202453438,0.0035028652854498347,0.8694180267465643,0.0058225086087146565,0.4,0.4,4.6,0.0,0.8,7.2,0.004365530388895422,0.6087691953405738
rule-hebb_bound-soft_lr_bas-0.128_theta_bas_0-20_theta_0-4_lr_ap-0.064_init_power-12,hebb,soft,0.128,0.064,0.256,0.048,0.256,4,20,True,0.0,thr,,30,203,random,12,1.0,0.1,1800,0,50,False,1.0,som,1.0,1.0,20.0,0.0,100.0,inf,1.0,2.0,1.5,0.5,0.5,0.15,0,0,812.0,2,nan,nan,0.7783899999999999,0.02973581589758396,nan,0.08975916057825088,1.6815581571897804e-45,0.9999999165534973,0.09561667339461279,0.003455374483613134,0.8810635608035572,0.007469774078741273,0.8,0.6,10.8,0.0,0.8,14.6,0.004501689795870334,0.6132364790886641
rule-hebb_bound-soft_lr_bas-0.128_theta_bas_0-20_theta_0-4_lr_ap-0.128_init_power-10,hebb,soft,0.128,0.128,0.256,0.048,0.256,4,20,True,0.0,thr,,30,203,random,10,1.0,0.1,1800,0,50,False,1.0,som,1.0,1.0,20.0,0.0,100.0,inf,1.0,2.0,1.5,0.5,0.5,0.15,0,0,839.6666666666666,2,nan,nan,0.77785,0.02959720455110073,nan,0.04827575460076332,5.3249341644343046e-45,0.9999998807907104,0.09484150202453438,0.0035046752029305817,0.8694180267465643,0.005762910365258691,0.4,0.4,4.6,0.0,0.8,7.2,0.003966739889438031,0.6015980432974175
rule-hebb_bound-soft_lr_bas-0.128_theta_bas_0-20_theta_0-4_lr_ap-0.128_init_power-12,hebb,soft,0.128,0.128,0.256,0.048,0.256,4,20,True,0.0,thr,,30,203,random,12,1.0,0.1,1800,0,50,False,1.0,som,1.0,1.0,20.0,0.0,100.0,inf,1.0,2.0,1.5,0.5,0.5,0.15,0,0,795.0,2,nan,nan,0.77988,0.02973598875105381,nan,0.08963924646377563,1.6815581571897804e-45,0.9999999165534973,0.09561667339461279,0.003446637740104167,0.8810635608035572,0.007431280203293677,0.8,0.6,10.8,0.0,0.8,14.6,0.004008601837267633,0.6037355618784204
